subreddit,title,time,score,num_comments,week
Hoka,"My very first pair, Stinson Evo OG!",2025-04-01 09:01:22,17,8,2025-03-30
Hoka,Upgraded my runners.,2025-04-01 08:05:02,8,1,2025-03-30
Hoka,The right Hoka?,2025-04-01 00:54:09,6,27,2025-03-30
Hoka,Clifton 9s? Or Arahi 7?,2025-03-31 08:50:52,0,3,2025-03-30
Hoka,I just pair bought a pair of Bondi 9s but they are narrow. I‚Äôm thinking about getting the wides however from your experience do they stretch out a little bit or should I go with the wides?Thank you.,2025-03-31 07:04:30,1,11,2025-03-30
Hoka,Inconsistent QC or just insane sizing difference between lines?,2025-03-31 04:00:06,1,19,2025-03-30
Hoka,Clifton 9 insoles removal for cleaning?,2025-03-31 03:41:41,1,3,2025-03-30
Hoka,Hoka Clifton 9 Sizing Experience ‚Äî Wearing 9 vs 9.5 After a Year of Use,2025-03-30 06:35:46,1,3,2025-03-30
Hoka,Is this fixable?,2025-03-30 01:38:43,0,4,2025-03-30
Hoka,Bondi 9 - when to replace?,2025-03-29 19:36:22,3,10,2025-03-23
Hoka,Esses s√£o os Arahi 8?,2025-03-29 12:29:19,2,1,2025-03-23
Hoka,Sugest√£o para corridas!,2025-03-29 10:11:14,2,1,2025-03-23
Hoka,Heel Wear,2025-03-29 01:36:43,9,16,2025-03-23
Hoka,Best way to clean white Hokas??,2025-03-28 23:50:16,8,14,2025-03-23
Hoka,Mach 5: to goodwill some away!,2025-03-28 19:22:56,10,0,2025-03-23
Hoka,Hoka clifton 9,2025-03-28 10:21:29,3,5,2025-03-23
Hoka,What‚Äôs going on with Transports squeaking?,2025-03-28 08:15:42,4,1,2025-03-23
Hoka,Clifton 9 laces,2025-03-28 02:50:32,0,1,2025-03-23
Hoka,Recommendation for Supination?,2025-03-28 01:34:49,1,2,2025-03-23
Hoka,"Are the Mafate Three2 in ""Eggnog & Shifting Sand"" ever coming back..?",2025-03-28 00:40:36,1,0,2025-03-23
Hoka,Replacement Shoes?,2025-03-28 00:38:08,2,15,2025-03-23
Hoka,Fined my size feature accuracy,2025-03-28 00:23:36,1,4,2025-03-23
Hoka,Bondi 9,2025-03-27 10:48:24,2,2,2025-03-23
Hoka,Hoka Clifton 9,2025-03-27 09:06:04,3,22,2025-03-23
Hoka,Hopara 2 sizing / wear in?,2025-03-27 06:20:23,5,4,2025-03-23
Hoka,Joined the club üôåüèΩ,2025-03-27 04:18:29,54,23,2025-03-23
Hoka,Arch pain bondi 9‚Äôs,2025-03-27 03:28:17,1,7,2025-03-23
Hoka,New shoes shredding,2025-03-26 10:23:22,2,2,2025-03-23
Hoka,12 miles today,2025-03-26 09:44:47,2,1,2025-03-23
Hoka,Shoes similar to Hoka Bondi 9,2025-03-26 04:14:19,5,14,2025-03-23
Hoka,Can anyone recommend a current Hoka model that is equivalent to the Tracer 2?,2025-03-26 03:19:14,2,1,2025-03-23
Hoka,"Mafate Three2 Sizing - Looking to get this collab in particular but concerned on sizing, I sometimes wear a 9.5 or 10 wide, wondering if a 10.5 might fit me well since there is no wide.",2025-03-25 22:51:53,2,0,2025-03-23
Hoka,Hoka Bondi vs Gaviota ‚Äì Which is better for flat feet + overpronation with custom insoles?,2025-03-25 16:15:37,5,11,2025-03-23
Hoka,Keep receiving damaged shoes.,2025-03-25 02:28:13,1,7,2025-03-23
Hoka,Rocket X2,2025-03-24 11:13:06,0,2,2025-03-23
Hoka,Sellers other than official site,2025-03-23 11:27:39,1,12,2025-03-23
Hoka,How rare are the pink Mach 6s?,2025-03-22 09:09:57,9,9,2025-03-16
Hoka,Is ‚Äúare these real‚Äù all that happens here?,2025-03-22 03:16:53,18,9,2025-03-16
Hoka,Posted a few days ago about hokas turning cielo x1 and their authenticity. Are these how they should look under the insoles?,2025-03-22 02:48:53,0,10,2025-03-16
Hoka,Luxe Sandals,2025-03-22 02:14:41,2,3,2025-03-16
Hoka,"Just bought Anacapa 2 GTX, Collar lining is already broken",2025-03-21 19:38:53,1,2,2025-03-16
Hoka,Recommendations for UPS,2025-03-21 13:50:21,3,7,2025-03-16
Hoka,"First pair! Womens wide Bondi 9. Got them for work & weight loss. They‚Äôll take some getting used to after years of flat, no support shoes. But both human & cat approve!",2025-03-21 10:55:44,11,7,2025-03-16
Hoka,Kinda bummed by the new Bondi 9‚Äôs green color. Completely different in person :(,2025-03-21 09:50:32,40,50,2025-03-16
Hoka,Life Changing!,2025-03-21 04:47:54,21,16,2025-03-16
Hoka,They changed Bondi 8‚Äôs,2025-03-21 04:25:30,0,5,2025-03-16
Hoka,Tips for cleaning,2025-03-20 23:12:14,6,19,2025-03-16
Hoka,SR vs Regular Sizing,2025-03-20 07:18:40,2,1,2025-03-16
Hoka,Restock,2025-03-20 07:16:51,2,1,2025-03-16
Hoka,Will this be eligible for warranty claim? I had it for 9 months now,2025-03-20 02:41:19,0,8,2025-03-16
Hoka,How to clean,2025-03-20 00:25:33,0,7,2025-03-16
Hoka,"Hoka Cielo x1, are they fake?",2025-03-19 22:49:05,6,19,2025-03-16
Hoka,Legit check please.,2025-03-19 16:45:12,0,3,2025-03-16
Hoka,Selling Men‚Äôs Hoka Bondi SR Slip-Resistant Sneakers Designed for the Workplace Size 13,2025-03-19 09:22:25,0,1,2025-03-16
Hoka,Help me find a perfect pair!,2025-03-19 06:45:18,1,4,2025-03-16
Hoka,Hoka 9 Bondi First Time Hoka User,2025-03-19 05:45:50,47,17,2025-03-16
Hoka,Here are the Clifton One9,2025-03-19 02:58:06,5,6,2025-03-16
Hoka,My review of the Bondi 8 & Clifton 9,2025-03-19 02:25:21,5,3,2025-03-16
Hoka,Anybody find Hokka‚Äôs return policy to be a joke and completely unacceptable?,2025-03-19 02:07:05,0,3,2025-03-16
Hoka,Clifton L narrow,2025-03-18 23:42:45,2,2,2025-03-16
Hoka,Just got this bondi 8 last February and it‚Äôs falling apart already,2025-03-18 22:41:02,0,5,2025-03-16
Hoka,A little over a month with my Clifton Ls and I'm really happy with them,2025-03-18 20:13:49,3,0,2025-03-16
Hoka,Hoka Colors help to decide ?,2025-03-18 11:52:55,1,4,2025-03-16
Hoka,Clifton 9s - not sure if legit ü´§,2025-03-18 10:27:11,3,12,2025-03-16
Hoka,Ankle stability despite platform?,2025-03-18 07:25:41,1,5,2025-03-16
Hoka,Show the Hoka that are on you right now,2025-03-18 03:54:47,5,18,2025-03-16
Hoka,Show me your Hoka One One logos if you were here before the hype,2025-03-18 00:26:05,0,6,2025-03-16
Hoka,"after reading this sub, I'm starting to wonder if I should buy Hoka",2025-03-17 17:46:42,0,9,2025-03-16
Hoka,Any other Hoka‚Äôs non slip besides Bondi SR?,2025-03-17 11:38:27,1,0,2025-03-16
Hoka,Project transport size up?,2025-03-17 08:06:18,2,0,2025-03-16
Hoka,Satisfy x Hoka Mafate Speed 4- figured I haven‚Äôt seen anyone else post on foot shots with shorts.,2025-03-17 01:52:15,8,2,2025-03-16
Hoka,New Clifton 9?,2025-03-16 23:56:06,1,6,2025-03-16
Hoka,size difference between nike and hola,2025-03-16 06:27:39,1,12,2025-03-16
Hoka,"Models with a flexible upper, or at least less stiff and suitable for a high volume foot?",2025-03-16 02:29:24,2,6,2025-03-16
Hoka,Clifton 9s. Warranty?,2025-03-16 02:18:04,2,14,2025-03-16
Hoka,The Clifton L,2025-03-15 23:22:28,2,1,2025-03-09
Hoka,Needle found in Clifton 9‚Äôs,2025-03-15 03:47:08,7,5,2025-03-09
Hoka,Place to buy Hoka at lower cost?,2025-03-15 03:28:54,3,16,2025-03-09
Hoka,Gore tex Hoka‚Äôs‚Ä¶will my feet sweat?,2025-03-14 20:48:24,2,19,2025-03-09
Hoka,Hoka sizing vs. Sketchers,2025-03-14 13:50:17,3,4,2025-03-09
Hoka,First pair of Hokas damaged after a month,2025-03-14 05:30:48,3,9,2025-03-09
Hoka,Advice for Greece Trip,2025-03-14 01:51:52,2,12,2025-03-09
Hoka,First pair!,2025-03-13 22:33:07,15,13,2025-03-09
Hoka,Legit Check Clifton 9,2025-03-13 20:03:36,2,2,2025-03-09
Hoka,How can I fix this?,2025-03-13 07:25:14,2,16,2025-03-09
Hoka,Anyone gotten Hokas off Rafamko?,2025-03-12 15:34:56,1,1,2025-03-09
Hoka,Would these fall under warranty,2025-03-12 10:45:55,0,6,2025-03-09
Hoka,What would be better for injury prevention if I am doing some sprint and a lot of vertical jump workouts - Bondi 8 or Clifton 9?,2025-03-12 05:15:42,3,5,2025-03-09
Hoka,Road version of the speedgoat 6,2025-03-12 05:00:05,2,4,2025-03-09
Hoka,First time trying Hokas - I love this color!,2025-03-12 00:32:23,19,5,2025-03-09
Hoka,Hoka Hopara 2 fit?,2025-03-11 22:39:23,2,1,2025-03-09
Hoka,Legit check on my shoes,2025-03-11 20:47:47,0,23,2025-03-09
Hoka,Best all day walking shoe?,2025-03-11 07:37:45,1,13,2025-03-09
Hoka,How do I clean this jacket?,2025-03-11 06:40:21,0,7,2025-03-09
Hoka,"Trying to ID this pair I saw the other day, can someone help me plz? thxx",2025-03-11 06:15:50,3,4,2025-03-09
Hoka,Hoka Skyflow,2025-03-11 04:58:28,2,2,2025-03-09
Hoka,Shoe Recommendations,2025-03-11 00:34:25,0,8,2025-03-09
Hoka,My 4th Hoka pairs with this same issue!,2025-03-10 22:35:15,2,9,2025-03-09
Hoka,"Finally invested into my health and bought some HOKA shoes  - really happy with them so far, despite my wide feet usually being a menace",2025-03-10 20:44:35,14,4,2025-03-09
Hoka,Bondi 9‚Äôs are GREAT!,2025-03-10 12:51:10,16,10,2025-03-09
Hoka,Hoka bondie 8 4E,2025-03-10 12:08:59,1,1,2025-03-09
Hoka,Bondi 9 vs Clifton 9 (Women‚Äôs)?,2025-03-10 09:21:33,2,7,2025-03-09
Hoka,Gaviota 5 vs Bondi 9,2025-03-10 08:10:15,2,6,2025-03-09
Hoka,Hoka,2025-03-10 07:36:56,1,0,2025-03-09
Hoka,Save me $$$,2025-03-10 07:09:09,5,42,2025-03-09
Hoka,Torrent 4 as good as 3?,2025-03-10 06:54:58,1,0,2025-03-09
Hoka,Hoka Clifton 9 for daily commute and not for running?,2025-03-10 00:04:40,7,21,2025-03-09
Hoka,Disappointed/Bad Customer Service,2025-03-08 20:41:26,0,11,2025-03-02
Hoka,Rec for second pair after Clifton 9s?,2025-03-08 12:31:37,1,1,2025-03-02
Hoka,Should this be covered by the warranty?,2025-03-08 10:29:17,0,4,2025-03-02
Hoka,What‚Äôs a good show for lifting and maybe light running while traveling. I have the Bondi 9 and love them but looking for something to workout in after a run,2025-03-08 09:50:20,1,4,2025-03-02
Hoka,Tor summit,2025-03-08 05:54:10,1,0,2025-03-02
Hoka,Hoka x Satisfy- look forward to wearing these for their intended use now that it‚Äôs finally getting nicer out. Here‚Äôs them with denim for now tho.,2025-03-08 05:48:04,13,17,2025-03-02
Hoka,Just got my first ever Hoka shoes. Bondi 9 but‚Ä¶,2025-03-08 01:18:20,5,16,2025-03-02
Hoka,Please make better options,2025-03-07 17:11:25,23,35,2025-03-02
Hoka,Pain while standing in Clifton 9,2025-03-07 15:01:57,4,4,2025-03-02
Hoka,Cleaned my Clifton 9‚Äôs now the mesh is ‚Äúfuzzy‚Äù,2025-03-07 13:20:50,1,2,2025-03-02
Hoka,When exactly?,2025-03-07 13:04:31,6,3,2025-03-02
Hoka,Clifton 9's,2025-03-07 12:21:38,7,0,2025-03-02
Hoka,Hoka Clifton 9s for men,2025-03-07 09:33:56,6,9,2025-03-02
Hoka,women's Bondi 7 questioning authenticity,2025-03-07 09:15:35,2,1,2025-03-02
Hoka,"Laces: short, long and two",2025-03-07 05:33:12,1,0,2025-03-02
Hoka,Should I try warranty,2025-03-07 04:06:33,0,7,2025-03-02
Hoka,Originals or fake ?,2025-03-06 18:21:31,0,4,2025-03-02
Hoka,Best men‚Äôs shoe for metatarsal break recovery?,2025-03-06 06:00:04,1,7,2025-03-02
Hoka,Arahi 6 to 7,2025-03-05 23:15:19,1,12,2025-03-02
Hoka,These fake?,2025-03-05 22:03:02,4,22,2025-03-02
Hoka,Hoka Bondi 8,2025-03-05 09:53:53,4,22,2025-03-02
Hoka,Grounds for filing a warranty claim? Mach6 less than 90 days old with less than 100 treadmill only miles. Decal peeling off.,2025-03-05 03:03:37,8,28,2025-03-02
Hoka,Popping noises when walking,2025-03-05 01:48:09,1,3,2025-03-02
Hoka,Hoka Tecton X3 Fabric Tearing After Only 150 km ‚Äì Anyone Else?,2025-03-03 03:49:06,1,0,2025-03-02
Hoka,Anybody else feet hurt with bondi 9?,2025-03-02 06:25:18,6,12,2025-03-02
Hoka,Bondi 8 vs Bondi 9,2025-03-02 05:46:05,4,4,2025-03-02
Hoka,PSA: Clifton 9s on sale!,2025-03-01 23:38:15,11,2,2025-02-23
Hoka,New Bondi 9 Colorways üëÄ,2025-03-01 17:04:54,18,7,2025-02-23
Hoka,mach 6 vs Clifton 9 sizing,2025-03-01 06:42:02,3,0,2025-02-23
Hoka,Clifton 9 size,2025-03-01 05:43:07,6,6,2025-02-23
Hoka,Over pronantion,2025-03-01 00:24:09,2,8,2025-02-23
Hoka,CM Punk wears Hokas again on Raw!,2025-02-28 11:57:39,3,0,2025-02-23
Hoka,how to make my hokas white again,2025-02-28 05:05:00,1,6,2025-02-23
Hoka,Women‚Äôs Clifton 9 sole splitting,2025-02-28 02:45:49,1,10,2025-02-23
Hoka,Bondi 9,2025-02-27 22:39:17,22,14,2025-02-23
Hoka,Bondi 9- too big????,2025-02-27 10:41:47,1,5,2025-02-23
Hoka,PLEASE HELP‚ÄºÔ∏è Hokas are making a weird popping noise when I walk,2025-02-27 04:49:08,1,4,2025-02-23
Hoka,HOKAs came! Toe issue?,2025-02-27 03:49:53,4,14,2025-02-23
Hoka,Bondi 9 women shoes,2025-02-26 12:29:43,1,2,2025-02-23
Hoka,Racing shoe recs,2025-02-26 08:13:25,1,4,2025-02-23
Hoka,Will my feet hate me when I wear a pair of regular Transports in Bangkok?,2025-02-26 06:19:31,0,0,2025-02-23
Hoka,Mach 6 Bruising?,2025-02-26 04:30:29,0,17,2025-02-23
Hoka,Machine Wash HOKAs?,2025-02-25 05:01:21,3,15,2025-02-23
Hoka,RIP My Brave Speedgoat 5s,2025-02-23 23:41:06,29,7,2025-02-23
Hoka,What is the best type for everyday running and race running?,2025-02-23 12:18:23,0,2,2025-02-23
Hoka,Last pair of Hokas,2025-02-23 08:03:43,0,13,2025-02-23
Hoka,Are they discontinuing the bondi 8‚Äôs? When will they restock??,2025-02-23 02:54:00,1,9,2025-02-23
Hoka,15% off sitewide,2025-02-22 21:17:45,19,1,2025-02-16
Hoka,Is this normal wear and tear in the back lining of the shoe where the ankle is? Only worn shoes for five days and I can feel the mesh now,2025-02-22 10:20:34,0,7,2025-02-16
Hoka,Normal wear or not?,2025-02-22 01:47:39,4,14,2025-02-16
Hoka,Transport GTX Shoes?,2025-02-21 11:54:14,1,2,2025-02-16
Hoka,"Anyone ever get a ""bad"" pair?",2025-02-21 07:20:45,3,10,2025-02-16
Hoka,How are the men‚Äôs Kawana 2 for standing/walking indoors (not running)?,2025-02-20 17:53:40,2,1,2025-02-16
Hoka,Big toe burning - bondi 9,2025-02-20 14:49:28,3,5,2025-02-16
Hoka,Need New Soles,2025-02-20 09:23:48,2,0,2025-02-16
Hoka,Bondi 9 are a huge down grade from the Bondi 8‚Äôs,2025-02-20 07:42:51,16,26,2025-02-16
Hoka,First pair of Hokas üëå,2025-02-20 02:58:46,20,17,2025-02-16
Hoka,Foot pain with Clifton 9.,2025-02-19 17:45:21,1,0,2025-02-16
Hoka,Recommendation for Hoka's,2025-02-19 15:54:31,2,2,2025-02-16
Hoka,Best Colorway‚ÄîClifton 9 Vibrant Orange Impala,2025-02-19 15:38:17,9,2,2025-02-16
Hoka,which hoka style is best for retail work especially when I have been on my feet all the time?,2025-02-19 13:44:30,2,11,2025-02-16
Hoka,Spaghetti sauce ):,2025-02-19 11:49:31,2,4,2025-02-16
Hoka,Cielo x1 shoes,2025-02-19 07:54:30,2,7,2025-02-16
Hoka,Love my new Clifton 9‚Äôs!,2025-02-19 05:34:13,11,2,2025-02-16
Hoka,Best Recommendations for Large Tall Male,2025-02-19 03:45:29,1,3,2025-02-16
Hoka,What HOKAs for HIIT?,2025-02-18 16:18:10,2,6,2025-02-16
Hoka,Clifton 9 of Mach 6?,2025-02-18 13:42:08,2,3,2025-02-16
Hoka,Safety Toe,2025-02-18 05:13:41,3,2,2025-02-16
Hoka,Real or Fake? Hoka Arahi 7,2025-02-17 20:32:00,0,17,2025-02-16
Hoka,Shoe recommendations for long hours on my feet.,2025-02-17 04:08:05,3,6,2025-02-16
Hoka,"Need Advice: Which Hoka Shoe Is Versatile Enough for Jumps, Sprints, Wrestling Drills, AND Working at a Hospital?",2025-02-17 01:15:53,0,6,2025-02-16
Hoka,I recently bought a hoka 9,2025-02-16 11:30:45,6,12,2025-02-16
Hoka,Mach x2,2025-02-16 07:32:08,1,3,2025-02-16
Hoka,Problems with shoes and boning,2025-02-14 08:23:53,6,11,2025-02-09
Hoka,Vibrant bloom Bondi L??,2025-02-13 08:41:23,7,3,2025-02-09
Hoka,HOKA 4 months vs NEW BALANCE 2 YEARS (rubbers),2025-02-13 04:24:01,8,12,2025-02-09
Hoka,Hopara Hike,2025-02-13 03:42:24,11,9,2025-02-09
Hoka,Hoka condition after 1 month,2025-02-13 02:24:47,6,17,2025-02-09
Hoka,Question,2025-02-12 12:38:04,0,1,2025-02-09
Hoka,HOKA's don't last long :(,2025-02-12 08:45:20,15,34,2025-02-09
Hoka,"Project transport: waterproof, water resistant, or neither?",2025-02-12 05:27:01,2,3,2025-02-09
Hoka,Which is best for bunions and flat feet? Gaviota 5 in EE Wide or Bondi 9 in 3E Extra Wide?,2025-02-12 04:17:22,3,12,2025-02-09
Hoka,Ross find $70,2025-02-12 03:43:30,21,2,2025-02-09
Hoka,Trying out new Clifton 9 GTX for the nasty weather today,2025-02-12 02:08:52,5,11,2025-02-09
Hoka,Dress Shoes Comparable to Hoka support,2025-02-12 00:08:28,2,7,2025-02-09
Hoka,Hoka Bondi 8 Blisters after first use?,2025-02-11 03:00:28,2,9,2025-02-09
Hoka,The HOKA Project Transport features ripstop uppers,2025-02-10 19:08:51,2,0,2025-02-09
Hoka,Can‚Äôt wait to hit the trails !!!,2025-02-09 05:41:40,24,13,2025-02-09
Hoka,Alternative for Mach?,2025-02-09 04:54:37,0,8,2025-02-09
Hoka,Hoka clifton 9 (slow shoes?),2025-02-08 19:45:10,2,8,2025-02-02
Hoka,Mafate 4 Lite GR,2025-02-08 04:57:54,7,2,2025-02-02
Hoka,Looking for a Good and Affordable Model,2025-02-08 04:16:49,0,0,2025-02-02
Hoka,Ordered the Clifton 9s,2025-02-08 03:37:11,11,10,2025-02-02
Hoka,Which Hokas should I get,2025-02-08 03:31:24,1,3,2025-02-02
Hoka,Best shoes for a pregnant woman with wide feet and high arches?,2025-02-07 10:49:31,2,6,2025-02-02
Hoka,Warranty declined but not sure whether I should talk to c/s,2025-02-07 02:50:03,2,6,2025-02-02
Hoka,Different retailers show different color of same shoe,2025-02-07 00:57:31,3,1,2025-02-02
Hoka,legit or off?,2025-02-07 00:31:10,0,0,2025-02-02
Hoka,is this real or fake? i want to buy it but I'm scared because it might be off,2025-02-07 00:29:48,1,4,2025-02-02
Hoka,Best HOKAs for walking/standing all day & side foot pain?,2025-02-06 23:48:01,5,33,2025-02-02
Hoka,Tor Ultra Lo vs. Tor Summit,2025-02-06 05:05:19,4,3,2025-02-02
Hoka,Bondi 9 help.,2025-02-06 03:08:27,1,8,2025-02-02
Hoka,Replacement ‚Äúlaces‚Äù for Hoka Transport?,2025-02-06 02:59:13,3,3,2025-02-02
Hoka,Reverse Over Pronation,2025-02-05 12:44:46,1,5,2025-02-02
Hoka,Buying Single Shoe?,2025-02-05 11:32:57,4,11,2025-02-02
Hoka,Clifton 9s replacement,2025-02-05 10:38:10,0,6,2025-02-02
Hoka,For knee injury - Bondi 8 or Clifton 9?,2025-02-05 05:23:05,1,10,2025-02-02
Hoka,"Hoka Bondi 8 squeaks (for me), and Hoka Bondi 9 does not.",2025-02-05 01:31:04,1,2,2025-02-02
Hoka,Am I damaging my shoes?,2025-02-04 15:51:33,0,2,2025-02-02
Hoka,bondi 8 fabric ripping. details below,2025-02-03 09:43:38,1,17,2025-02-02
Hoka,Wide toe box - Bondi 9 vs Clifton 9,2025-02-03 07:20:19,2,8,2025-02-02
Hoka,Hoka One One CarbonX,2025-02-02 21:14:25,3,10,2025-02-02
Hoka,Mafate three 2 & evo stinson OG,2025-02-02 08:47:07,3,4,2025-02-02
Hoka,Bondi 9 SR?,2025-02-02 08:01:54,3,8,2025-02-02
Hoka,Will the Hoka website get this new color at DSG?,2025-02-02 07:17:51,5,0,2025-02-02
Hoka,Hoka set the pace for Deckers with record quartley sales,2025-02-01 23:08:44,2,3,2025-01-26
Hoka,"Bondi 9 colours, blue spark vs aster flower",2025-01-31 20:48:29,1,2,2025-01-26
Hoka,speedgoat 5 stealth tech vs normal,2025-01-30 23:30:56,5,0,2025-01-26
Hoka,Do we know anything about the Gaviota 6?,2025-01-30 10:59:56,6,6,2025-01-26
Hoka,HELP! Bondi 9 vs clifton 9,2025-01-30 10:27:15,9,24,2025-01-26
Hoka,Call customer care for product recommendations,2025-01-30 10:21:23,12,6,2025-01-26
Hoka,Arahi 7 longer than Clifton 9/ Bondi 8/ Speedgoat 6?,2025-01-30 09:01:12,1,1,2025-01-26
Hoka,Where Can I Send Product Feedback to HOKA?,2025-01-30 04:53:48,1,1,2025-01-26
Hoka,Skyward X colors,2025-01-30 00:02:18,7,7,2025-01-26
Hoka,How do u clean ur hokas,2025-01-29 06:52:50,6,51,2025-01-26
Hoka,Hoka Skyflow vs Bondi for Hospital work,2025-01-29 05:58:56,2,20,2025-01-26
Hoka,Hoka Skyward X,2025-01-28 06:36:33,4,3,2025-01-26
Hoka,got some cool clifton samples!,2025-01-28 01:28:21,10,6,2025-01-26
Hoka,Sale on Wide Cliftons?,2025-01-28 00:39:39,3,2,2025-01-26
Hoka,Best for achilles tendonitis?,2025-01-27 08:37:18,1,4,2025-01-26
Hoka,Are hokas good for achilles tendonitis?,2025-01-27 08:34:44,1,4,2025-01-26
Hoka,Trail shoe equivalent of bondis‚Ä¶,2025-01-27 06:54:50,1,1,2025-01-26
Hoka,Authorized seller?,2025-01-26 23:00:44,0,1,2025-01-26
Hoka,Best Hoka for Work?,2025-01-26 11:55:26,4,9,2025-01-26
Hoka,New Hokas Don't Feel Right,2025-01-26 07:57:16,1,3,2025-01-26
Hoka,Saturday Errand Runners.,2025-01-26 07:37:19,18,14,2025-01-26
Hoka,Are my hokas men's or women's,2025-01-25 13:25:36,4,11,2025-01-19
Hoka,Which model is this?,2025-01-25 00:56:49,2,2,2025-01-19
Hoka,Odd feet,2025-01-24 08:26:37,3,4,2025-01-19
Hoka,Are GTX worth it?,2025-01-24 06:51:03,4,6,2025-01-19
Hoka,Why are the Skyward x not working for me?,2025-01-24 02:21:54,2,1,2025-01-19
Hoka,Real or fake Bondi 8 Wide ?,2025-01-23 20:17:59,1,26,2025-01-19
Hoka,Underpronation,2025-01-23 15:25:25,2,8,2025-01-19
Hoka,I miss the Clifton 8,2025-01-23 09:18:25,6,5,2025-01-19
Hoka,Thoughts on the Speed Loafer?,2025-01-22 15:18:06,26,54,2025-01-19
Hoka,Can anyone ID this model?,2025-01-22 12:15:37,0,4,2025-01-19
Hoka,Best Hokas for Nurses,2025-01-22 11:10:07,3,10,2025-01-19
Hoka,What happens to old models?,2025-01-22 05:16:18,2,7,2025-01-19
Hoka,Disappointing Warranty Experience ,2025-01-21 10:20:00,2,12,2025-01-19
Hoka,Hoka gaviota 5,2025-01-21 06:35:49,3,1,2025-01-19
Hoka,New Hoka models are ugly,2025-01-21 05:31:27,12,8,2025-01-19
Hoka,Bondi 9 is so much narrower than Bondi 8 or Gaviota 5 it should come with a warning,2025-01-21 05:26:06,5,9,2025-01-19
Hoka,Hey lady hoka wearers! I have a question about fit,2025-01-21 04:57:28,0,4,2025-01-19
Hoka,They‚Äôre here and they‚Äôre perfect (Kawana 2),2025-01-21 04:09:18,3,0,2025-01-19
Hoka,How often should Hokas be replaced? ,2025-01-20 23:56:41,5,6,2025-01-19
Hoka,Any idea how to clean these? Originally white.,2025-01-20 12:36:13,2,12,2025-01-19
Hoka,Marathon Shoes ,2025-01-20 11:32:14,1,2,2025-01-19
Hoka,Using Gaviota 5 right now ang planning to get different Hoka. Any recommendations from Gaviota 5 users?,2025-01-20 02:45:53,0,7,2025-01-19
Hoka,Which one is the best Allrounder? ,2025-01-19 22:11:16,1,2,2025-01-19
Hoka,Opinions?  I Wear Bondi 8 in wide - looking for similar Hoka with GTX?,2025-01-19 13:06:38,1,3,2025-01-19
Hoka,Help with sizing,2025-01-19 12:10:10,1,3,2025-01-19
Hoka,Mach 6 or Clifton 9 for 11yr old boy. ,2025-01-19 08:36:36,1,4,2025-01-19
Hoka,How to stop my ankle from being stabbed every step?,2025-01-18 21:58:43,2,23,2025-01-12
Hoka,What happened to all the cool colors?,2025-01-18 08:30:39,5,4,2025-01-12
Hoka,Looking to buy this color of Clifton‚Äôs ,2025-01-18 05:02:44,3,0,2025-01-12
Hoka,What is up with the security for the website?,2025-01-18 04:34:39,2,3,2025-01-12
Hoka,Shoes for Snow/Icy Conditions?,2025-01-18 00:38:22,3,7,2025-01-12
Hoka,Gore Tex = a New England essential.,2025-01-18 00:00:10,10,12,2025-01-12
Hoka,Bondi 9 First Run ,2025-01-17 20:34:55,10,4,2025-01-12
Hoka,Shoes for heavy,2025-01-17 03:44:19,1,8,2025-01-12
Hoka,Bondi 9 ... Slightly excited ,2025-01-16 22:30:45,25,16,2025-01-12
Hoka,Take a look inside the Hoka Run Store Corner Shop,2025-01-16 19:22:14,0,0,2025-01-12
Hoka,Hoka Kaha 2 wetting out,2025-01-16 19:14:38,1,10,2025-01-12
Hoka,Loving my new bondi SR,2025-01-16 10:39:01,3,1,2025-01-12
Hoka,Clifton 10 - why the heel drop of 8mm and different last?,2025-01-16 06:54:25,3,6,2025-01-12
Hoka,Anyone know if this would qualify for warranty?,2025-01-16 06:52:09,2,9,2025-01-12
Hoka,Bondi 9 - First Run/ Impressions!,2025-01-16 06:31:26,22,14,2025-01-12
Hoka,Just did a quick dash around some stores,2025-01-16 05:38:50,3,0,2025-01-12
Hoka,Unethical to have a window for returns and no functional way to return them. ,2025-01-16 00:33:54,4,2,2025-01-12
Hoka,Satisfy x Hoka Mafate Speed 4 for my morning health walk.,2025-01-15 22:39:33,5,4,2025-01-12
Hoka,Clifton 9,2025-01-15 21:25:25,4,0,2025-01-12
Hoka,Bondi 9 colors,2025-01-15 13:28:54,13,35,2025-01-12
Hoka,What time does Hoka typically put new releases on their website at?,2025-01-15 05:39:33,1,2,2025-01-12
Hoka,Hoka discount code?,2025-01-15 03:42:17,1,0,2025-01-12
Hoka,HOKA Unveils ‚ÄúTech Stealth‚Äù Collection for the Year of the Snake,2025-01-15 02:27:51,2,0,2025-01-12
Hoka,Wrong label on shoes??,2025-01-15 01:34:09,1,0,2025-01-12
Hoka,Hoka event Ready for what's to come tomorrow?,2025-01-15 01:23:39,0,10,2025-01-12
Hoka,Fit of the width of the bondi 9's? ,2025-01-14 19:36:13,3,7,2025-01-12
Hoka,Legit Check Please,2025-01-14 12:56:07,0,6,2025-01-12
Hoka,Need Some Good Advice,2025-01-14 12:03:46,1,1,2025-01-12
Hoka,Speedgoat 6 vs mafate speed 4,2025-01-14 04:58:59,2,6,2025-01-12
Hoka,Warranty Department is a joke,2025-01-14 04:56:45,2,8,2025-01-12
Hoka,Shady website in PTüáµüáπ,2025-01-14 00:12:05,1,6,2025-01-12
Hoka,Hoka NZ live chat service is very poor!,2025-01-13 13:55:11,2,2,2025-01-12
Hoka,Ripping inner lining of Hokas a little over 1 year use,2025-01-13 11:49:27,0,2,2025-01-12
Hoka,Hoka Mach 5,2025-01-13 04:59:57,1,0,2025-01-12
Hoka,Did anyone with the Transport flopping sound keep them and if so didn't go away?,2025-01-13 04:52:03,1,1,2025-01-12
Hoka,Bondi 9 vs. Clifton 10 vs. Skyflow: Need advice for my next pair!,2025-01-13 01:18:39,7,25,2025-01-12
Hoka,How it started vs how it is going.,2025-01-12 14:54:04,36,12,2025-01-12
Hoka,Clifton make my feet hurt. ,2025-01-12 11:52:37,1,18,2025-01-12
Hoka,Piece of Tread Broke Off Shoe!,2025-01-12 10:48:52,1,3,2025-01-12
Hoka,Hoka Transport - Ball Foot Pain,2025-01-12 09:16:39,2,3,2025-01-12
Hoka,$115 for white/white Bondi 8,2025-01-12 04:24:01,1,1,2025-01-12
Hoka,My friend picked up the Bondi 9‚Äôs today at Fleet Feet,2025-01-12 04:07:58,31,2,2025-01-12
Hoka,Hoka lace hook on kaha 3,2025-01-12 01:27:20,2,0,2025-01-12
Hoka,Closest to Speedgoat 5 - but a road shoe?,2025-01-11 20:32:04,3,3,2025-01-05
Hoka,Kawana love story,2025-01-11 14:19:19,5,5,2025-01-05
Hoka,Got the call- wife‚Äôs Bondi 9 are in,2025-01-11 04:16:28,5,2,2025-01-05
Hoka,Hoka heel counter,2025-01-11 00:32:55,2,3,2025-01-05
Hoka,Stinson 8 anytime soon? ,2025-01-10 19:19:51,2,0,2025-01-05
Hoka,Colors Hoka Bondi 9,2025-01-09 22:13:54,3,7,2025-01-05
Hoka,HOKA Introduces the KAHA 3 Low GTX in ‚ÄúAsteroid‚Äù and ‚ÄúBlack‚Äù,2025-01-09 20:02:35,3,0,2025-01-05
Hoka,Getting excited for the Bondi 9!,2025-01-09 07:28:50,29,24,2025-01-05
Hoka,Shoe help nursing,2025-01-09 04:13:19,5,10,2025-01-05
Hoka,Replacement for Tracer 2?,2025-01-08 10:11:34,1,0,2025-01-05
Hoka,Hoka sales?,2025-01-08 05:35:57,3,16,2025-01-05
Hoka,Experience with squeaking?,2025-01-07 17:25:38,3,10,2025-01-05
Hoka,Sizing Question,2025-01-07 01:06:48,1,9,2025-01-05
Hoka,Need help in deciding on weather to buy Hoka Bondi 8 or Clifton 9 ,2025-01-06 08:53:09,4,22,2025-01-05
Hoka,Need help! Gaviota 4's,2025-01-05 23:11:20,2,5,2025-01-05
Hoka,Love my Torrents on the trails - what's a similar Hoka in a road training shoe?,2025-01-05 07:08:05,2,3,2025-01-05
Hoka,New Kaha 3 GTX just released,2025-01-05 00:34:00,17,13,2025-01-05
Hoka,"Please, help me find shoes",2025-01-04 18:58:56,3,2,2024-12-29
Hoka,What shoe is this?,2025-01-04 13:23:59,6,7,2024-12-29
Hoka,Anyone with bursitis after using Hoka?,2025-01-04 06:35:02,2,11,2024-12-29
Hoka,Why are Hoka shoes so popular amongst women?,2025-01-04 04:44:26,0,26,2024-12-29
Hoka,Groove on heel feels weird,2025-01-03 23:37:51,3,2,2024-12-29
Hoka,Exchanging for different size ,2025-01-03 16:26:52,1,1,2024-12-29
Hoka,Warranty ,2025-01-03 02:51:41,14,5,2024-12-29
Hoka,Clifton 9 GTX or transport GTX for a water resistant travel shoe,2025-01-03 02:14:38,4,11,2024-12-29
Hoka,Best model for flat feet ,2025-01-02 20:08:22,3,6,2024-12-29
Hoka,"Clifton 9, knee pain even after 2 months of wearing",2025-01-02 18:43:03,1,5,2024-12-29
Hoka,My Arahi 6 wide were stolen. 7 wide is too wide. Can I get away with 6 regular?,2025-01-02 02:04:31,0,2,2024-12-29
Hoka,New shoes but painful ,2025-01-01 07:15:06,9,18,2024-12-29
Hoka,Six months later‚Ä¶.,2025-01-01 02:55:19,13,23,2024-12-29
Hoka,Bondi 8,2025-01-01 02:52:44,2,7,2024-12-29
Hoka,Bondi SR for Outdoor Work,2024-12-31 19:48:42,2,6,2024-12-29
Hoka,Gaviota 6 sizing vs Arahi 6,2024-12-31 07:00:18,3,3,2024-12-29
Hoka,700 miles later‚Ä¶,2024-12-31 05:54:14,45,21,2024-12-29
Hoka,"Bought direct from Hoka, returns have been a nightmare ",2024-12-30 23:27:35,3,16,2024-12-29
Hoka,Any Advice?,2024-12-29 22:35:08,3,4,2024-12-29
Hoka,Cross stitch dedication to Hokas,2024-12-29 06:53:55,30,6,2024-12-29
Hoka,When kaha3 release?,2024-12-28 05:48:50,1,1,2024-12-22
Hoka,Bondi 8 vs Clifton 9 vs Bondi 9,2024-12-28 04:18:17,3,4,2024-12-22
Hoka,Which Hokas?,2024-12-28 04:04:06,1,1,2024-12-22
Hoka,Finally replaced my first pair of well loved Clifton 9s  for Christmas üòÖ,2024-12-27 10:52:26,37,8,2024-12-22
Hoka,Mach 6 Durability and Trails,2024-12-27 04:08:06,2,2,2024-12-22
Hoka,Hoka's falling apart,2024-12-26 22:16:11,7,7,2024-12-22
Hoka,Hoka Anacapa 2 GTX - for Snow Conditions,2024-12-26 09:07:32,3,8,2024-12-22
Hoka,Satisfied.,2024-12-25 15:02:08,14,2,2024-12-22
Hoka,Warranty Return,2024-12-25 03:33:30,1,11,2024-12-22
Hoka,Clifton 9s clap?,2024-12-24 21:43:27,1,2,2024-12-22
Hoka,Bondi SR,2024-12-24 11:46:05,4,6,2024-12-22
Hoka,Hoka Bondi 8s or Mach 6,2024-12-24 10:48:50,2,15,2024-12-22
Hoka,Help Identifying Old Pair,2024-12-24 01:15:42,5,2,2024-12-22
Hoka,Usures of my mach 5 ,2024-12-23 06:33:38,4,3,2024-12-22
Hoka,Update from my previous post,2024-12-22 23:30:38,3,0,2024-12-22
Hoka,Does anyone know if the white/cantaloupe bondi 8 Hokas are the same weird blue/purple hue white as the all white version?  ,2024-12-22 11:39:57,1,7,2024-12-22
Hoka,Hoka Gaviota 5 but Waterproof?,2024-12-22 09:07:18,2,5,2024-12-22
Hoka,Returned my Skyward X and got a second pair of Stinson 7,2024-12-22 00:27:52,14,1,2024-12-22
Hoka,Bondi 9 listed as Coming Soon,2024-12-21 06:46:45,13,7,2024-12-15
Hoka,Kawana 2 - Narrow?,2024-12-21 06:16:45,2,2,2024-12-15
Hoka,Please help ,2024-12-21 01:02:26,2,7,2024-12-15
Hoka,is this covered under warranty?(HOKA Men's Clifton 9 GTX Running Shoes),2024-12-20 10:29:50,4,14,2024-12-15
Hoka,Please do not post codes for sale ,2024-12-19 10:46:48,0,6,2024-12-15
Hoka,Joined the family today! Any opinions on these? (Transport gtx),2024-12-19 07:57:25,16,11,2024-12-15
Hoka,Mid hikers,2024-12-18 03:44:31,1,0,2024-12-15
Hoka,Kaha 3's,2024-12-17 19:07:54,1,2,2024-12-15
Hoka,Arch support too narrow ,2024-12-17 08:45:04,1,2,2024-12-15
Hoka,Hoka india fraud,2024-12-16 23:31:23,6,3,2024-12-15
Hoka,Selling Hoka Bondi 8 'Ether Illusion' Size 6 Womens ,2024-12-16 15:37:09,1,0,2024-12-15
Hoka,Recommendations,2024-12-15 11:03:32,0,5,2024-12-15
Hoka,Need help choosing a pair of Hokas,2024-12-15 04:58:48,5,21,2024-12-15
Hoka,What‚Äôs with the Arahi 7,2024-12-14 23:32:06,5,9,2024-12-08
Hoka,Real or Fake? Hoka Challenger ATR 6,2024-12-14 22:58:17,0,2,2024-12-08
Hoka,Bunion support?!,2024-12-14 09:12:24,4,7,2024-12-08
Hoka,Good mail day:,2024-12-14 07:34:03,17,2,2024-12-08
Hoka,Low quality shoes with stingy customer service,2024-12-14 00:23:55,0,3,2024-12-08
Hoka,Just me or..?,2024-12-13 19:41:40,6,24,2024-12-08
Hoka,Size 14,2024-12-13 05:48:47,1,2,2024-12-08
Hoka,Mach 6 vs Mach X,2024-12-12 18:43:59,1,6,2024-12-08
Hoka,Needing a good sneaker but with good traction for snowy/icey conditions ,2024-12-12 14:07:11,1,1,2024-12-08
Hoka,id on these clifton‚Äôs not sure if they‚Äôre the gtx or not,2024-12-12 13:42:17,2,6,2024-12-08
Hoka,Stinson 7,2024-12-12 13:39:42,13,3,2024-12-08
Hoka,New model release,2024-12-12 08:27:54,4,1,2024-12-08
Hoka,Best women‚Äôs shoes for running & gym?,2024-12-12 06:35:54,1,0,2024-12-08
Hoka,Speedgoat colors for 2025,2024-12-12 03:08:31,2,1,2024-12-08
Hoka,Holy Hell!  These things are incredible!,2024-12-12 01:37:04,19,5,2024-12-08
Hoka,Finally joined the Hoka family üëü,2024-12-10 18:16:43,36,11,2024-12-08
Hoka,Rincon 4 vs Clifton 9 for standing and walking job?,2024-12-10 14:34:34,1,1,2024-12-08
Hoka,I redeemed a free Skin Draw Voucher √ó2 from Honor of Kings in LEVEL INFINITE PASS. Go get yours!,2024-12-10 10:34:55,0,1,2024-12-08
Hoka,Weapons for my Monday health stroll. Bombproof üí£ ,2024-12-10 01:30:30,7,9,2024-12-08
Hoka,Running rotation,2024-12-09 01:12:36,3,5,2024-12-08
Hoka,Is this normal wear and tear/will this affect performance? ,2024-12-07 05:03:57,3,4,2024-12-01
Hoka,Wide options?,2024-12-06 09:49:11,1,1,2024-12-01
Hoka,Comparison: Clifton vs Bondi ,2024-12-06 02:03:31,12,22,2024-12-01
Hoka,Best Time To Buy Hoka?,2024-12-06 00:27:45,5,8,2024-12-01
Hoka,Can anyone help me identify these Hokas?,2024-12-06 00:21:34,3,10,2024-12-01
Hoka,Hoka Bondi 8 ,2024-12-05 05:37:41,3,7,2024-12-01
Hoka,Quality drop?,2024-12-05 02:51:56,5,4,2024-12-01
Hoka,Comfy/ cozy vibes = WIN.,2024-12-04 21:28:30,13,16,2024-12-01
Hoka,Bond 8 not as cushy anymore? ,2024-12-03 11:10:31,2,6,2024-12-01
Hoka,"hi guys, i won a pair of HOKA Tecton X 3‚Äôs (size 9.5 M) through my workplace, but i‚Äôm looking to sell them at discount and use the funds to purchase a different shoe that‚Äôs approved by my company.",2024-12-03 08:51:38,1,1,2024-12-01
Hoka,Hoka Clifton 9s?,2024-12-03 05:57:40,3,27,2024-12-01
Hoka,Hiking boot lining question,2024-12-02 10:45:52,1,0,2024-12-01
Hoka,Any idea where i can find laces for the Kaha boot?,2024-12-02 00:53:09,2,2,2024-12-01
Hoka,HELP-Need a Gaviota 4 wide suggestion.,2024-12-01 06:01:27,1,0,2024-12-01
Hoka,Do NOT purchase from their website,2024-12-01 01:10:43,1,12,2024-12-01
Hoka,HOKA 'Wide' Question?,2024-11-30 22:40:12,3,4,2024-11-24
Hoka,Hoka Questions,2024-11-30 10:38:46,2,13,2024-11-24
Hoka,Waterproofing ,2024-11-30 06:27:03,2,2,2024-11-24
Hoka,Need help buying Hoka  for BF,2024-11-30 06:11:30,1,2,2024-11-24
Hoka,"Any women buy men‚Äôs Hokas? There are so many more cool colors offered for men.. if so, is the sizing conversion typical like with other shoes, or is there something else to take into account with running shoes?",2024-11-30 03:10:26,8,9,2024-11-24
Hoka,Sizing help on HOKA HOPARA,2024-11-29 17:21:38,3,1,2024-11-24
Hoka,Hoka stackable deals. 40 dollar bonus and 12 percent discount,2024-11-29 14:01:30,0,0,2024-11-24
Hoka,Non-mesh Hokas?,2024-11-29 13:13:34,2,7,2024-11-24
Hoka,Hoka Bondi 8 rips on the side,2024-11-29 10:33:10,2,6,2024-11-24
Hoka,Best one for standing ~8 hours a day on hard surface? Looking at Bondi 8,2024-11-29 10:04:27,2,6,2024-11-24
Hoka,Recommendations for Hokas with more arch support/narrower show box? I currently like the Mach 6 but want something better ,2024-11-29 06:52:43,1,2,2024-11-24
Hoka,HOKAS,2024-11-29 06:27:42,1,3,2024-11-24
Hoka,Women‚Äôs work shoes ,2024-11-29 04:40:56,1,3,2024-11-24
Hoka,Which HOKA has the largest heel stack? ,2024-11-29 01:29:19,1,2,2024-11-24
Hoka,Kaha 2 Frost gtx toe width?,2024-11-28 23:35:46,1,0,2024-11-24
Hoka,Rincon 3 advice ,2024-11-28 12:01:42,1,2,2024-11-24
Hoka,"""Your address is out of the merchant delivery area"" Error From Website",2024-11-28 10:48:32,3,5,2024-11-24
Hoka,"The Challenger 7 or the speedgoat 5 for winter, snowy and slushy roads",2024-11-28 03:11:33,1,3,2024-11-24
Hoka,Speedgoat regular or wide if my gaviota has a hole around thumb?,2024-11-27 16:29:46,1,1,2024-11-24
Hoka,Similar shoe,2024-11-27 06:47:44,1,3,2024-11-24
Hoka,Any word on new Kaha 2's or even Kaha 3's,2024-11-26 11:16:36,1,8,2024-11-24
Hoka,Clifton 9 directly responsible for knee pain. Anyone else?,2024-11-26 10:56:02,0,15,2024-11-24
Hoka,Is there going to be a Black Friday sale or promotion? ,2024-11-26 08:28:07,6,8,2024-11-24
Hoka,Hoka Gaviota 4s shit the bed on me,2024-11-25 23:59:34,3,11,2024-11-24
Hoka,Clifton L or Clifton 9 for lots of city walking ,2024-11-25 23:16:48,2,7,2024-11-24
Hoka,Airport vibes ‚úàÔ∏è,2024-11-25 23:08:37,24,27,2024-11-24
Hoka,Legit check on these 2nd hand Clifton 9s ,2024-11-25 19:59:40,0,7,2024-11-24
Hoka,The future is now.,2024-11-24 05:57:26,9,2,2024-11-24
Hoka,HOKA ONE ONE Running Shoes,2024-11-24 04:18:44,0,2,2024-11-24
Hoka,Feet feel sore in new shoes?,2024-11-24 01:57:09,6,7,2024-11-24
Hoka,Hoka x STSY Mafate Speed 4 Lite,2024-11-23 13:12:04,8,12,2024-11-17
Hoka,Low stock?,2024-11-22 20:48:54,1,6,2024-11-17
Hoka,"2025 Hoka Road Preview / Mach X 3, Cielo X1 2.0, Bondi 9, Clifton 10",2024-11-22 12:55:52,2,0,2024-11-17
Hoka,Tor Ultra High next release?,2024-11-22 12:23:24,2,4,2024-11-17
Hoka,Hoka Clifton 10,2024-11-22 06:04:37,19,5,2024-11-17
Hoka,Discrepancies in heel drop?,2024-11-22 02:22:41,1,0,2024-11-17
Hoka,Bombproof üí£ ,2024-11-21 23:43:05,11,17,2024-11-17
Hoka,Hoka Clifton 9,2024-11-20 07:27:26,0,9,2024-11-17
Hoka,Real or fake: does this Challenger 7 look right? ,2024-11-20 02:05:54,1,5,2024-11-17
Hoka,Transport Chukka gtx,2024-11-19 15:22:22,3,3,2024-11-17
Hoka,Challenger 7 deterioration ,2024-11-19 13:39:34,1,1,2024-11-17
Hoka,Pls help me find ,2024-11-19 02:48:38,2,7,2024-11-17
Hoka,Does Hoka typically have a sitewide sale or coupon for Black Friday?,2024-11-18 10:27:36,5,7,2024-11-17
Hoka,Skyward X causing blisters,2024-11-18 07:39:21,2,6,2024-11-17
Hoka,Winter running on snow ? Speedgoat or challenger ,2024-11-17 18:32:46,2,3,2024-11-17
Hoka,Hoka Transport (Women) - Eggnog or White,2024-11-17 11:40:52,3,3,2024-11-17
Hoka,Guess Hoka doesn‚Äôt want my business‚Ä¶,2024-11-17 02:19:28,3,19,2024-11-17
Hoka,My impression of Hoka Bondi 8 with ankle arthritis.,2024-11-17 01:34:41,1,18,2024-11-17
Hoka,Mafate laces swap,2024-11-16 15:42:36,3,1,2024-11-10
Hoka,Wide Hoka without attached tongue,2024-11-16 06:49:24,1,0,2024-11-10
Hoka,Raffle Won but don‚Äôt need ,2024-11-16 04:58:08,4,5,2024-11-10
Hoka,Hoka Clifton 9 sizing,2024-11-15 14:05:11,2,7,2024-11-10
Hoka,Clifton 9s Sole Coming Off,2024-11-15 02:36:16,4,10,2024-11-10
Hoka,What time do new collabs release drop on Hoka?,2024-11-15 00:10:03,2,0,2024-11-10
Hoka,Legit Check Hoka Clifton 9,2024-11-14 16:30:01,5,7,2024-11-10
Hoka,Hoka Skyward X - painful,2024-11-14 11:09:06,3,9,2024-11-10
Hoka,Hoka x Satisfy Mafate Speed 4 Lite Release,2024-11-14 05:20:12,1,3,2024-11-10
Hoka,Long run‚Ä¶ which shoe to wear?,2024-11-14 02:02:19,1,1,2024-11-10
Hoka,"Website is a disaster - problems logging in, signing up, checking out",2024-11-13 04:07:58,7,6,2024-11-10
Hoka,Washing Hoka Clifton 9s,2024-11-13 02:49:27,3,4,2024-11-10
Hoka,Is this the right Hoka Skyward X size?,2024-11-12 00:32:07,7,8,2024-11-10
Hoka,Office Flats Question,2024-11-11 22:55:22,2,2,2024-11-10
Hoka,Recommendations ,2024-11-10 20:15:01,2,1,2024-11-10
Hoka,hoka customer service,2024-11-10 19:51:32,1,4,2024-11-10
Hoka,Daughters design ,2024-11-10 16:23:10,10,2,2024-11-10
Hoka,Split between SpeedGoat and Mafate Speed 4,2024-11-10 13:05:11,2,5,2024-11-10
Hoka,Clifton too small,2024-11-10 10:05:43,2,2,2024-11-10
Hoka,"Rincon 2's worn out, what next?",2024-11-10 04:45:23,1,6,2024-11-10
Hoka,Shoes,2024-11-09 22:59:46,2,8,2024-11-03
Hoka,Speedgoat 5 Treads Flattened under 75miles,2024-11-09 09:58:59,4,8,2024-11-03
Hoka,Hoka Arahi vs Clifton : Which one is better for running?,2024-11-09 04:44:19,3,6,2024-11-03
Hoka,Hoka vs Champion for walking?,2024-11-09 04:38:12,0,2,2024-11-03
Hoka,Long Time Admirer; First Time Buyer,2024-11-08 13:52:12,14,12,2024-11-03
Hoka,Water Resistance of the non-gore tex shoes,2024-11-07 01:59:09,1,9,2024-11-03
Hoka,Paul Rudd rocking Hoka Bondi 8 kicks,2024-11-06 07:33:55,20,0,2024-11-03
Hoka,Acceptable wear,2024-11-06 01:08:53,5,11,2024-11-03
Hoka,Coupon code thru Website for Cielo X1,2024-11-05 19:19:48,2,1,2024-11-03
Hoka,Bondi 8,2024-11-04 23:34:19,14,16,2024-11-03
Hoka,Flappy noise when walking on polished concrete floors with Hoka Transport GTX,2024-11-04 10:08:28,2,7,2024-11-03
Hoka,Bondi 8s,2024-11-02 05:07:12,1,10,2024-10-27
Hoka,Speed Goat 6,2024-11-01 23:25:55,15,3,2024-10-27
Hoka,Please release a carbon plate in EE width ,2024-11-01 20:50:04,5,4,2024-10-27
Hoka,Speed Goat 5 GTX,2024-11-01 06:47:51,2,2,2024-10-27
Hoka,"Made order, money deducted but didn‚Äôt receive email ",2024-11-01 03:52:24,3,24,2024-10-27
Hoka,Bondi 8 soles sticking out into side of the foot? ,2024-10-31 23:59:31,2,2,2024-10-27
Hoka,What‚Äôs the best way to wash?,2024-10-31 22:31:54,3,6,2024-10-27
Hoka,Clifton 9‚Ä¶ Not sure how I feel about these.,2024-10-31 05:26:50,2,21,2024-10-27
Hoka,Hoka Challenger 7 ripped tongue?,2024-10-30 17:32:06,2,0,2024-10-27
Hoka,Hoka Transport,2024-10-30 03:04:39,2,3,2024-10-27
Hoka,Hoka 30-day guarantee UK,2024-10-29 22:09:37,2,0,2024-10-27
Hoka,can anyone LC this HOKA shoes I found for sale,2024-10-29 15:27:13,0,1,2024-10-27
Hoka,How does these look? ,2024-10-29 14:31:50,17,16,2024-10-27
Hoka,Hoka Holiday Sale,2024-10-29 11:02:56,5,3,2024-10-27
Hoka,ID on the model?,2024-10-29 07:15:38,2,5,2024-10-27
Hoka,Hoka Clifton womens vs mens size,2024-10-29 02:16:44,1,6,2024-10-27
Hoka,Speedgoat 5 Mid GTX,2024-10-28 20:04:16,1,0,2024-10-27
Hoka,Is this Hoka Clifton 8 is real or fake ,2024-10-28 14:39:40,0,6,2024-10-27
Hoka,Transport Chukka ,2024-10-28 12:46:31,7,1,2024-10-27
Hoka,Durability of hokas ,2024-10-26 05:50:39,6,21,2024-10-20
Hoka,"Disappointing Customer Service, Lost Shoes",2024-10-26 01:09:46,5,2,2024-10-20
Hoka,Seize the day.,2024-10-25 19:52:03,8,12,2024-10-20
Hoka,Hoka drives strong Q2 sales for Deckers Brands,2024-10-25 19:39:39,0,0,2024-10-20
Hoka,First time Hoka ,2024-10-24 22:26:07,1,2,2024-10-20
Hoka,What caused this wear and tear?,2024-10-24 20:11:10,5,8,2024-10-20
Hoka,Tecton X 2 Stealth ,2024-10-23 09:51:42,15,6,2024-10-20
Hoka,Hoka6,2024-10-23 01:56:29,2,1,2024-10-20
Hoka,"Hoka Bondi 8, is it me or it rocks too much?",2024-10-22 10:33:43,2,2,2024-10-20
Hoka,‚ÄúHook‚Äù comes out. How to fix?,2024-10-22 04:20:06,7,4,2024-10-20
Hoka,Bondi SR/Clifton LS,2024-10-22 00:02:56,2,4,2024-10-20
Hoka,Lifted Bondi SR,2024-10-21 19:07:41,8,5,2024-10-20
Hoka,eBay purchase legit? bondi 7,2024-10-21 14:23:38,0,0,2024-10-20
Hoka,Hoka vs. New Ballance,2024-10-20 15:52:38,3,11,2024-10-20
Hoka,‚ÄûWide‚Äú really wider? ,2024-10-20 15:49:24,0,3,2024-10-20
Hoka,Would this be covered under warranty? Got these Clifton 9's only about 1.5 months ago,2024-10-20 14:30:04,6,20,2024-10-20
Hoka,Hoka challenger 7 big toe (nail) pain,2024-10-18 17:54:14,1,2,2024-10-13
Hoka,Clifton kids versus women's ,2024-10-18 06:54:05,1,6,2024-10-13
Hoka,Can anyone of this shoe? ,2024-10-17 21:54:48,2,6,2024-10-13
Hoka,Hoka Challenger ATR 7 break-in period?,2024-10-17 19:57:13,1,2,2024-10-13
Hoka,Bondi 8 - legit?,2024-10-17 18:37:51,1,1,2024-10-13
Hoka,Hoka challenger ,2024-10-17 09:43:58,8,13,2024-10-13
Hoka,Mach 6,2024-10-16 18:57:17,2,6,2024-10-13
Hoka,Hoka Arahi 6 fallen apart after 4 runs completely ruined heel,2024-10-16 17:38:03,1,5,2024-10-13
Hoka,Hoka ,2024-10-16 16:57:34,2,5,2024-10-13
Hoka,Hoka Arahi 6 equivalent?,2024-10-15 01:41:07,3,1,2024-10-13
Hoka,anacapa 2 mid gtx vs anacapa breeze mid ,2024-10-15 01:02:13,1,1,2024-10-13
Hoka,Speedgoat alternative,2024-10-13 19:02:07,2,2,2024-10-13
Hoka,Mach X 2,2024-10-13 10:11:07,1,0,2024-10-13
Hoka,What happened to Arahi 7?  Moving on to something else since it's causing let pain,2024-10-13 03:47:02,2,1,2024-10-13
Hoka,Hoka‚Äôs falling apart after 6 months :( ,2024-10-13 03:02:11,6,20,2024-10-13
Hoka,Hola Recovery Slides,2024-10-12 21:05:34,1,2,2024-10-06
Hoka,Cleaning White Hokas,2024-10-11 22:57:24,2,3,2024-10-06
Hoka,Hoka Canada sent me this abomination,2024-10-10 09:21:22,13,24,2024-10-06
Hoka,Bondi line vs. Hiking boots,2024-10-09 00:03:56,1,6,2024-10-06
Hoka,Gore Tex in the rain.,2024-10-07 20:00:31,6,5,2024-10-06
Hoka,Bucket seat and arch support (Challenger ATR),2024-10-07 14:54:39,1,0,2024-10-06
Hoka,Hokas Bondi 8 are a disaster imo,2024-10-07 10:15:04,0,0,2024-10-06
Hoka,Best shoe for everyday wear and walks-Hoka vs ON,2024-10-07 06:49:59,5,14,2024-10-06
Hoka,Clifton 9 Is similar to Clifton gore tex?,2024-10-06 00:41:49,1,3,2024-10-06
Hoka,Hokas differ from website visual ,2024-10-05 02:27:09,0,26,2024-09-29
Hoka,Can someone ID these for me?,2024-10-04 05:28:53,10,29,2024-09-29
Hoka,Clifton 9,2024-10-03 12:22:13,2,9,2024-09-29
Hoka,Quality question,2024-10-03 09:55:56,2,11,2024-09-29
Hoka,Shoe Model Advice,2024-10-03 06:40:16,2,0,2024-09-29
Hoka,Want to order my first Recovery Slide 3‚Äôs. Question about sizing compared to Crocs (Men‚Äôs 8).,2024-10-03 06:08:45,1,0,2024-09-29
Hoka,Legit check please hoka kaha 2,2024-10-03 03:51:34,2,7,2024-09-29
Hoka,Fitting advice,2024-10-02 21:58:04,1,3,2024-09-29
Hoka,Which Hoka is the best,2024-10-02 21:15:45,1,12,2024-09-29
Hoka,Fake hoka website?,2024-10-02 09:16:05,0,2,2024-09-29
Hoka,The other new drop that was just launched today. I ordered it this morning.,2024-10-02 05:58:03,5,2,2024-09-29
Hoka,Return Form,2024-10-01 22:38:53,1,2,2024-09-29
Hoka,On my radar- these‚Äôre a pretty interesting pair‚Ä¶,2024-10-01 22:20:57,4,4,2024-09-29
Hoka,Hoka Kaha 2 - shoelace eyelet stitch problem,2024-10-01 04:46:42,1,2,2024-09-29
Hoka,Legit Check Please Hoka Clifton 9,2024-09-30 14:10:35,1,4,2024-09-29
Hoka,How to clean Bondi 8,2024-09-30 02:57:23,3,1,2024-09-29
Hoka,Are Hoka Bondi SR really waterproof?,2024-09-30 01:32:58,4,9,2024-09-29
Hoka,"Will be purchasing first pair of Hoka‚Äôs soon.  55 yo F with posterior tibial tendonitis. Caregiver to 88 year old veteran 24/7.  Since my new podiatrist said my feet were just too wide for women‚Äôs , what‚Äôs a good supportive but not clunky men‚Äôs sport type shoe?  ",2024-09-29 00:35:13,1,3,2024-09-29
Hoka,Looking to buy my first pair! Need recommendations :) ,2024-09-28 22:47:01,1,10,2024-09-22
Hoka,Still good? ,2024-09-28 05:57:12,5,9,2024-09-22
Hoka,Cheapest way to ship for warranty?,2024-09-27 12:14:02,1,3,2024-09-22
Hoka,Stinson Evo OG,2024-09-27 11:50:46,2,1,2024-09-22
Hoka,Goods Unite Us‚Ä¶ just gonna leave this here ,2024-09-27 03:48:20,10,18,2024-09-22
Hoka,Seasonal swagger- can‚Äôt beat a little GoreTex sitting on Vibram soles. It‚Äôs a New England thing!,2024-09-26 20:43:32,8,0,2024-09-22
Hoka,Are you supposed to size down on the recovery slides?,2024-09-26 13:12:16,2,2,2024-09-22
Hoka,So‚Ä¶ when are we expecting the Kaha 3 GTX? ,2024-09-26 00:40:48,1,3,2024-09-22
Hoka,Speedgoat 6 wide not any wider?,2024-09-25 12:20:32,5,5,2024-09-22
Hoka,Does anyone know of any safety composite toe work shoes as comfortable as Hoka???,2024-09-25 09:15:00,5,4,2024-09-22
Hoka,Hoka Return no tags,2024-09-25 06:09:44,2,3,2024-09-22
Hoka,Any professionals wear the Hoka Bondi SR and thoughts?,2024-09-24 23:40:23,4,10,2024-09-22
Hoka,Hoka Mach6,2024-09-24 14:30:58,1,0,2024-09-22
Hoka,Purchasing Hola‚Äôs from an authorized dealer?,2024-09-24 00:50:34,2,3,2024-09-22
Hoka,Hoka Recovery Slide 3‚Äôs Get So Dirty!!,2024-09-23 13:33:49,1,0,2024-09-22
Hoka,Any stealth/tech speedgoat 5 review for technical train run? Especially for the upper,2024-09-23 12:46:17,2,0,2024-09-22
Hoka,Hoka Clifton 9's dead after 500K/310mi?,2024-09-22 22:39:04,2,11,2024-09-22
Hoka,The Skyward X is incredible,2024-09-22 05:27:53,14,13,2024-09-22
Hoka,Court shoe ,2024-09-21 20:10:14,3,0,2024-09-15
Hoka,Transport GTX reviews?,2024-09-20 10:49:31,1,1,2024-09-15
Hoka,Looking for best Running Shoes for wide feet (Extra Wide?),2024-09-20 08:06:50,1,1,2024-09-15
Hoka,Hoka is just a superior company. I just returned a pair of shoes that had started ripping on the inside heel liner after 5 months and they're sending me a new pair. overnight overnight,2024-09-20 07:52:34,23,34,2024-09-15
Hoka,Gaviota 5,2024-09-19 23:22:21,2,7,2024-09-15
Hoka,Hoka Clifton 9 or Hoka Transport for travel/walking?,2024-09-19 12:05:34,5,12,2024-09-15
Hoka,Hoka sneakers cleaning,2024-09-18 23:26:39,1,1,2024-09-15
Hoka,A warning for anyone considering buying from the Hoka website ,2024-09-18 20:28:53,14,28,2024-09-15
Hoka,Are these wearing out quickly?,2024-09-18 02:34:26,8,20,2024-09-15
Hoka,Rincon 2 ,2024-09-18 01:51:57,2,1,2024-09-15
Hoka,Foot pain with Clifton 9‚Äôs. What should I do? ,2024-09-17 11:34:13,1,8,2024-09-15
Hoka, Hoka Clifton 9 GTX sizing issue ,2024-09-17 09:09:41,1,0,2024-09-15
Hoka,Laces,2024-09-15 16:30:19,2,9,2024-09-15
Hoka,Leave No Trace,2024-09-15 07:59:53,2,2,2024-09-15
Hoka,How to clean all white hoka Clifton 9s,2024-09-15 05:20:15,9,17,2024-09-15
Hoka,Shrinking Slides?,2024-09-15 03:49:31,1,6,2024-09-15
Hoka,Hoka Transport (review) - Do not recommend it,2024-09-12 23:03:30,11,24,2024-09-08
Hoka,Have you tried the Stinson 7?,2024-09-12 21:01:14,2,9,2024-09-08
Hoka,Shoe laces,2024-09-12 19:05:25,1,1,2024-09-08
Hoka,Hoka return policy,2024-09-12 10:56:51,1,4,2024-09-08
Hoka,Hoka Mach 6 for everyday wear?,2024-09-12 06:21:31,1,14,2024-09-08
Hoka,SG5s (non-winterized) in 22¬∞f?,2024-09-12 05:24:11,1,0,2024-09-08
Hoka,What are the lowest Hoka‚Äôs? I don‚Äôt want to be any taller. ,2024-09-12 01:22:40,2,8,2024-09-08
Hoka,Gaviota - Gore Tex,2024-09-11 20:13:17,2,5,2024-09-08
Hoka,HOKA WITH 15% OFF,2024-09-11 06:04:48,2,1,2024-09-08
Hoka,Mach X for marathon,2024-09-11 02:17:33,2,3,2024-09-08
Hoka,Hoka Mach 6 unresponsive?,2024-09-10 11:11:33,2,3,2024-09-08
Hoka,Bondi 8 heel pain.,2024-09-10 05:23:41,2,9,2024-09-08
Hoka,**Tried on Hoka Kawana 2 - Should I Buy?**,2024-09-08 11:59:58,4,1,2024-09-08
Hoka,Can‚Äôt place an order,2024-09-08 08:16:40,1,1,2024-09-08
Hoka,First pair of Hoka - Challenger 7,2024-09-07 21:00:09,6,0,2024-09-01
Hoka,EBAY seller from Moldova (Real or Fake),2024-09-07 18:42:10,0,1,2024-09-01
Hoka,Only one left for M10.5 UTMB color in CA,2024-09-06 12:08:12,0,0,2024-09-01
Hoka,The newest addition to my shoe collection ,2024-09-06 06:46:21,18,2,2024-09-01
Hoka,Any referral code or discount code?,2024-09-05 11:28:24,3,8,2024-09-01
Hoka,Anyone know anything about this x2 ,2024-09-03 17:50:18,1,3,2024-09-01
Hoka,Clifton 9 vs Bondi 8 for Standing/Walking All Day?,2024-09-03 16:46:33,4,12,2024-09-01
Hoka,Looking for a waterproof everyday sneaker for someone with wide feet.,2024-09-03 16:21:14,1,0,2024-09-01
Hoka,Disappointed ,2024-09-03 11:11:44,13,7,2024-09-01
Hoka,Hopara sandals for rivers/fishing/canoeing/cottages,2024-09-03 02:43:46,2,4,2024-09-01
Hoka,Do Hokas ever go on sale in the US?,2024-09-02 06:25:01,1,9,2024-09-01
Hoka,Straight to feet- I can already tell these are absolutely bombproof üí£,2024-09-02 00:53:35,14,19,2024-09-01
Hoka,Arahi 7,2024-09-01 13:39:54,9,7,2024-09-01
Hoka,The day I got my Clifton 9‚Äôs was the day I realized the importance of foot care.,2024-09-01 11:18:51,4,2,2024-09-01
Hoka,First pair of Hoka- instantly impressed & a fan‚Ä¶,2024-09-01 08:27:53,21,23,2024-09-01
Hoka,Are theses shoes good for supination? ,2024-08-30 22:36:15,4,5,2024-08-25
Hoka,Bondi for HIIT? ,2024-08-30 09:54:47,1,7,2024-08-25
Hoka,Hoka Bondi 8,2024-08-30 09:30:03,5,10,2024-08-25
Hoka,Thoughts on the Altra Olympus 6 trail trainer?,2024-08-30 03:27:05,2,2,2024-08-25
Hoka,Not A Runner & I Got The Arches From Hell,2024-08-29 12:56:15,2,7,2024-08-25
Hoka,Where should toe be? ,2024-08-29 04:36:18,1,8,2024-08-25
Hoka,Clifton 10 Colors and Pricing Leak?,2024-08-29 03:36:08,13,8,2024-08-25
Hoka,Has this happened to anyone else? ,2024-08-29 00:40:34,10,28,2024-08-25
Hoka,I just bought Arahi 7,2024-08-28 10:55:29,3,9,2024-08-25
Hoka,Speed / Race Day shoe recommendations,2024-08-28 00:39:41,2,6,2024-08-25
Hoka,Breathability of Transport GTX vs regular? ,2024-08-27 09:54:55,2,2,2024-08-25
Hoka,Which shoes are right for me?,2024-08-26 20:04:17,2,5,2024-08-25
Hoka,Are Hoka toe boxes narrow?,2024-08-26 09:44:14,2,12,2024-08-25
Hoka,Any chance of a sale? ,2024-08-26 05:02:17,2,14,2024-08-25
Hoka,Mach 6 heavy runner?,2024-08-26 02:16:37,1,5,2024-08-25
Hoka,Why are these shoes so popular? I'm seeing everyone wearing them weight training. ,2024-08-25 21:43:24,0,3,2024-08-25
Hoka,Cleaning white Hoka‚Äôs!,2024-08-25 04:28:43,1,5,2024-08-25
Hoka,Which Hokas are these?,2024-08-24 22:51:32,2,7,2024-08-18
Hoka,Maintaining Hokas,2024-08-23 11:21:30,2,2,2024-08-18
Hoka,Another real or fake ,2024-08-23 08:54:47,3,11,2024-08-18
Hoka,Are these Cielo X1 fake?,2024-08-23 00:51:58,0,7,2024-08-18
Hoka,Are these Cielo X1 fake?,2024-08-23 00:51:42,0,2,2024-08-18
Hoka,Considering buying another pair of Clifton 9‚Äôs,2024-08-23 00:49:17,2,8,2024-08-18
Hoka,What are the Best Hokas for Work?,2024-08-22 22:53:20,3,7,2024-08-18
Hoka,Heel liner breakdown after <1 year of use ,2024-08-22 21:04:32,0,17,2024-08-18
Hoka,Skyflow,2024-08-21 20:46:26,3,2,2024-08-18
Hoka,Is this normal wear and tear?,2024-08-21 19:22:45,3,5,2024-08-18
Hoka,10% Welcome code,2024-08-20 02:20:06,5,0,2024-08-18
Hoka,Flat feet inserts,2024-08-19 20:56:45,2,6,2024-08-18
Hoka,Hoka for winters,2024-08-19 11:03:45,1,0,2024-08-18
Hoka,Real or fakes? ,2024-08-18 11:19:47,8,11,2024-08-18
Hoka,How do the challenger 7 gtx compare to the bondi 8?,2024-08-18 10:30:55,2,5,2024-08-18
Hoka,Crep spray on supertrainers? ,2024-08-18 03:34:47,2,1,2024-08-18
Hoka,Heel drop ,2024-08-17 23:48:00,1,5,2024-08-11
Hoka,Ora Athletic Slide? Has anyone tried these?,2024-08-17 13:00:23,4,14,2024-08-11
Hoka,Clifton 9,2024-08-15 22:14:07,3,2,2024-08-11
Hoka,3 weeks in. How do they look? Clifton 9‚Äôs.,2024-08-15 01:52:45,1,8,2024-08-11
Hoka,Warranty question,2024-08-13 09:06:59,0,8,2024-08-11
Hoka,Gaviota 5‚Äôs heel padding collapsing ,2024-08-13 01:46:06,1,2,2024-08-11
Hoka,"Which shoe is more ""bouncier"" when it comes to carbon plates? Mach X or Skyward X?",2024-08-12 22:12:06,2,4,2024-08-11
Hoka,"I need a shoe for training 5-6 miles a day: HOKA Mach 6, Mach 5, or Bondi 8",2024-08-12 17:53:33,2,3,2024-08-11
Hoka,Squeaking ,2024-08-12 08:45:42,2,8,2024-08-11
Hoka,"Hoka warranty claim for shoes purchased elsewhere within a year, timeframe ",2024-08-12 06:24:53,1,2,2024-08-11
Hoka,Carbon X2 too worn out?,2024-08-12 00:48:37,1,0,2024-08-11
Hoka,Repair Recommendations,2024-08-11 21:15:16,1,0,2024-08-11
Hoka,Which shoes???,2024-08-11 01:44:30,1,2,2024-08-11
Hoka,Best Hokas to use with custom orthotics?,2024-08-10 20:09:06,0,14,2024-08-04
Hoka,Bondi 8 (colours) ,2024-08-09 17:57:07,5,2,2024-08-04
Hoka,I like these shoes but the side blew out already. Any way to fix? ,2024-08-09 04:48:13,1,3,2024-08-04
Hoka,Best looking hoka shoes?,2024-08-08 09:09:02,5,4,2024-08-04
Hoka,can't decide ,2024-08-08 02:48:23,2,7,2024-08-04
Hoka,Why do you guys prefer hokas,2024-08-08 00:26:40,1,14,2024-08-04
Hoka,I have no idea which one to choose. Help?,2024-08-06 18:14:32,3,9,2024-08-04
Hoka,HOKA credit sent via unsecured eMail,2024-08-06 09:43:07,2,1,2024-08-04
Hoka,Which running shoes have the most ankle support?,2024-08-05 07:19:10,2,1,2024-08-04
Hoka,Bondi 8 causing intense blistering on pinky toes,2024-08-03 21:36:30,1,8,2024-07-28
Hoka,Which ones?,2024-08-01 23:26:16,1,8,2024-07-28
Hoka,Brain Dead X Hoka visited by a friend in Costa Rica üíö,2024-08-01 11:37:31,2,1,2024-07-28
Hoka,Return policy?,2024-08-01 08:49:39,1,5,2024-07-28
Hoka,"My heel lining is torn before one year use, any way to avoid that or accept is normal ?",2024-08-01 08:48:59,1,3,2024-07-28
Hoka,Is the 10% welcome code still available?,2024-08-01 04:41:11,4,5,2024-07-28
Hoka,Warranty policy?,2024-07-31 09:49:33,1,4,2024-07-28
Hoka,Which one?,2024-07-31 09:33:59,3,4,2024-07-28
Hoka,Irritating experience with the warranty department,2024-07-31 05:07:52,2,11,2024-07-28
Hoka,"Do you find these need to be broken in? Some reviews said no break in period needed, but my new Kaha 2 Gtx hurt like hell on my soles",2024-07-30 08:50:33,1,4,2024-07-28
Hoka,Arahi 7,2024-07-30 07:05:17,2,8,2024-07-28
Hoka,Beginner runner,2024-07-29 14:21:55,0,1,2024-07-28
Hoka,Any place to buy Hokas for cheap? Besides eBay or Facebook Marketplace? I walk 10miles a day and I go though a pair in 6-8 months.,2024-07-28 12:13:22,2,7,2024-07-28
Hoka,Squeakers! Input please! Thanks in advance.,2024-07-28 11:45:21,10,7,2024-07-28
Hoka,Should I run a marathon in these or are they too worn?,2024-07-28 10:41:46,12,18,2024-07-28
Hoka,My current favorite ,2024-07-27 19:01:06,11,3,2024-07-21
Hoka,MY Hoka shoes,2024-07-26 18:33:16,6,0,2024-07-21
Hoka,Washed up on beach in Bermuda ,2024-07-25 22:57:26,11,0,2024-07-21
Hoka,Stinson 7 vs Bondi 8 ,2024-07-25 22:29:26,1,3,2024-07-21
Hoka,any coupon codes please,2024-07-24 08:01:58,2,2,2024-07-21
Hoka,First and not the last pair of hoka,2024-07-23 12:51:09,14,0,2024-07-21
Hoka,Got my first pair today!,2024-07-22 10:30:47,16,2,2024-07-21
Hoka,Looking for a model that‚Äôs comfortable and great for walking and okay for occasional hiking ?,2024-07-21 12:05:09,1,5,2024-07-21
Hoka,Half marathon,2024-07-21 08:37:55,1,0,2024-07-21
Hoka,Anyone else have this issue with HOKA shoes? ,2024-07-21 08:25:30,2,19,2024-07-21
Hoka,When will the new Gaviota 6 be released? ,2024-07-21 06:08:30,7,17,2024-07-21
Hoka,"Interested in the Clifton 9, but some questions about the sizing.",2024-07-21 03:41:35,1,2,2024-07-21
Hoka,Fit question ,2024-07-20 22:27:20,1,0,2024-07-14
Hoka,"Hoka Mach 6, left foot big toe area",2024-07-20 21:53:35,2,0,2024-07-14
Hoka,First Hoka,2024-07-20 17:54:00,2,7,2024-07-14
Hoka,Recommended shoes like Hoka Recovery Shoes?,2024-07-19 10:46:18,2,0,2024-07-14
Hoka,"Clifton 9, Bondi 7,   or Gaviota 5?",2024-07-19 05:06:37,10,14,2024-07-14
Hoka,Casual shoes for arch support?,2024-07-18 23:44:27,1,3,2024-07-14
Hoka,Trail shoe question?,2024-07-18 16:00:02,1,3,2024-07-14
Hoka,BestHoka,2024-07-18 09:30:18,2,7,2024-07-14
Hoka,bondi running q ,2024-07-18 01:33:43,2,0,2024-07-14
Hoka,Tecton X Sale?,2024-07-18 00:38:18,3,4,2024-07-14
Hoka,Bondi level of cushion / comfort but a different look,2024-07-16 04:47:05,4,6,2024-07-14
Hoka,I Ripped Up My Left Shoe Rope Climbing. Is It Still Usuable?,2024-07-14 11:22:34,1,5,2024-07-14
Hoka,Got my first pair today!,2024-07-14 08:06:27,5,0,2024-07-14
Hoka,Mach X mileage ,2024-07-14 05:07:31,1,0,2024-07-14
Hoka,Hoka Skyward X - My 10+ Mile Review,2024-07-13 23:53:43,9,9,2024-07-07
Hoka,Mountain run 21km,2024-07-12 16:09:06,3,2,2024-07-07
Hoka,Unpadded tongue,2024-07-11 05:18:59,1,2,2024-07-07
Hoka,Recommendations,2024-07-11 05:17:21,1,10,2024-07-07
Hoka,Around the house option,2024-07-11 00:21:41,1,3,2024-07-07
Hoka,My hokas didnt even last me a month.,2024-07-09 09:16:57,4,9,2024-07-07
Hoka,Which Hoka recommended for a 300 pound flat/wide footed man,2024-07-09 04:11:10,3,14,2024-07-07
Hoka,Order still processing after a week,2024-07-09 03:48:18,2,3,2024-07-07
Hoka,I get it now.,2024-07-08 20:34:33,8,4,2024-07-07
Hoka,Warranty return question,2024-07-08 03:00:14,1,4,2024-07-07
Hoka,Clifton 9 vs Bondi 8,2024-07-07 14:06:15,3,3,2024-07-07
Hoka,Machine wash?,2024-07-07 10:25:23,0,3,2024-07-07
Hoka,Should I wear orthodotics for flat feet with the Arahi 7?,2024-07-07 07:49:56,2,3,2024-07-07
Hoka,Size for Clifton 9,2024-07-07 05:00:30,1,1,2024-07-07
Hoka,size help,2024-07-06 09:52:57,1,0,2024-06-30
Hoka,Hoka heel deteriorated,2024-07-06 05:38:32,3,14,2024-06-30
Hoka,Billing issue with online ordering,2024-07-05 13:31:54,5,7,2024-06-30
Hoka,HOKA Hopara v1 vs v2 ,2024-07-05 11:02:57,2,6,2024-06-30
Hoka,Gaviota 6/ Gaviota 5 and Bondi 9/ Bondi 8,2024-07-05 01:17:55,3,18,2024-06-30
Hoka,Wide Hokas,2024-07-04 23:59:52,1,7,2024-06-30
Hoka,What kind of hokas are these? ,2024-07-04 23:44:25,1,5,2024-06-30
Hoka,"Any of you guys have clifton 9, is the foot bed similar to this?",2024-07-04 13:55:44,0,0,2024-06-30
Hoka,My new clifton9 :),2024-07-04 11:05:23,14,2,2024-06-30
Hoka,Challenger ATR 7 Durability,2024-07-04 08:10:35,4,1,2024-06-30
Hoka,How to tell real or fake?,2024-07-03 20:08:44,2,3,2024-06-30
Hoka,Legit check please,2024-07-03 16:00:52,0,1,2024-06-30
Hoka,Skyflow shows on the Hoka Site now if you Google,2024-07-03 02:57:30,2,0,2024-06-30
Hoka,RIP gone but never forgotten‚Ä¶‚Ä¶ work shoes worn 5/7 days of the week for most being 12 hour shifts. Wore them for about a year before retiring them ,2024-07-03 00:14:55,11,4,2024-06-30
Hoka,Where to buy hoka kaha 2 low at johor bahru,2024-07-02 23:56:53,1,0,2024-06-30
Hoka,Legit check please ,2024-07-02 23:43:50,1,1,2024-06-30
Hoka,Ora recovery mule gives me blisters,2024-07-02 20:41:33,1,1,2024-06-30
Hoka,Recognize wide size speedgoat,2024-07-02 16:09:01,1,1,2024-06-30
Hoka,Are these fake? I want to buy but know a lot of fakes are around,2024-07-02 05:24:31,2,9,2024-06-30
Hoka,GTX or just the regular?,2024-07-01 19:18:51,4,14,2024-06-30
Hoka,15-25% cash back on hokas at Zappos with Rakuten!,2024-07-01 12:20:40,1,4,2024-06-30
Hoka,Additional pair?,2024-07-01 09:30:49,2,1,2024-06-30
Hoka,Which HOKA would you suggest for achilles tendonitis?,2024-07-01 09:20:57,2,4,2024-06-30
Hoka,Pain in outer foot,2024-07-01 07:34:02,2,8,2024-06-30
Hoka,I can‚Äôt tell if I like em or not,2024-06-30 11:07:41,5,14,2024-06-30
Hoka,If I‚Äôm happy with my Arahi 6 what should my next Hoka be?,2024-06-30 08:20:42,3,9,2024-06-30
Hoka,Original or fake? Hoka speed goat 5,2024-06-30 00:42:54,1,7,2024-06-30
Hoka,bought hoka bondi sr‚Äôs and i‚Äôm not sure if they‚Äôre for me!,2024-06-29 08:41:53,4,6,2024-06-23
Hoka,Trying to find an older model of Hoka shoes,2024-06-28 22:32:43,2,3,2024-06-23
Hoka,Sad and unfortunate experience with Hoka Ora Primo ,2024-06-28 22:29:27,2,0,2024-06-23
Hoka,Walking And Arch Support,2024-06-28 06:09:03,3,10,2024-06-23
Hoka,Bondi 8 toe box issues. Are they super narrow?,2024-06-27 19:59:50,4,8,2024-06-23
Hoka,I'm blocked from using the Hoka website because I had too many tabs (7) open within a short time frame?,2024-06-26 08:06:40,7,11,2024-06-23
Hoka,Disappointment ,2024-06-25 22:42:58,2,6,2024-06-23
Hoka,Are they really what they're all cracked up to be?,2024-06-25 10:07:47,5,16,2024-06-23
Hoka,Hi friend this is my first time here I'd planning to buy some Hoka shoes I'd have middle Arch I'd work 9 hours for Day can you recommend some comfort shoes and the best discount store of them thank you ps I'd live In Germany ,2024-06-24 23:51:13,1,0,2024-06-23
Hoka,Which ones should I choose ? ,2024-06-24 10:10:24,2,11,2024-06-23
Hoka,HOKA CLIFTON LS SATISFY COLLAB,2024-06-24 01:45:23,2,3,2024-06-23
Hoka,Hoka Challenger 7 issues,2024-06-23 19:34:03,2,2,2024-06-23
Hoka,Hola release Calendar,2024-06-23 06:07:08,0,2,2024-06-23
Hoka,Wrong shoe size right box?,2024-06-22 00:55:42,1,1,2024-06-16
Hoka,Hoka recovery mule size ,2024-06-21 18:26:52,1,0,2024-06-16
Hoka,Did you have to break your Hokas in Or were they comfortable from the start?,2024-06-21 07:50:05,2,4,2024-06-16
Hoka,Hopara,2024-06-21 03:38:42,6,0,2024-06-16
Hoka,How to clean Hokas? ,2024-06-20 07:05:08,9,9,2024-06-16
Hoka,Which Hokas??,2024-06-20 06:00:05,3,7,2024-06-16
Hoka,Arahi 6 insole recommendations?,2024-06-20 05:15:22,1,2,2024-06-16
Hoka,Most versatile hokas?,2024-06-20 01:21:01,3,7,2024-06-16
Hoka,"Looking for a hoka model mostly for comfort, that can also hike backpack and run. ",2024-06-18 09:44:25,1,2,2024-06-16
Hoka,Hoka Online Purchases - Customer service rant,2024-06-17 21:00:38,2,4,2024-06-16
Hoka,Hoka Bondi!!,2024-06-17 20:28:07,10,0,2024-06-16
Hoka,Speedgoat 5 fit question ,2024-06-16 07:34:19,1,4,2024-06-16
Hoka,"Bondi 7? Again? why, Hoka? ",2024-06-15 15:24:37,1,11,2024-06-09
Hoka,hoka bondi 8 sizing,2024-06-15 06:18:43,1,6,2024-06-09
Hoka,I want a pair of Hokas,2024-06-15 00:07:38,2,9,2024-06-09
Hoka,Cutting into heel bone was Clifton now Bondi and I always use a horn ,2024-06-14 12:51:10,2,2,2024-06-09
Hoka,Clifton 9 midsole click,2024-06-14 10:08:43,9,3,2024-06-09
Hoka,Challenger vs Speedgoats,2024-06-13 18:33:59,3,4,2024-06-09
Hoka,Mafate 5 release date? ,2024-06-13 08:17:57,7,16,2024-06-09
Hoka,Can I get a replacement under warranty if I did not buy my shoes from Hoka‚Äôs website?,2024-06-12 09:30:33,1,32,2024-06-09
Hoka,First time buyer‚Ä¶.,2024-06-11 19:45:58,9,1,2024-06-09
Hoka,Hoka Clifton 9 GTX BROKEN after 5 months of use.,2024-06-11 09:12:08,5,14,2024-06-09
Hoka,Rincon 3 Discontinued üò©,2024-06-10 02:50:04,4,7,2024-06-09
Hoka,What Hokas do I get? ,2024-06-09 23:02:03,1,10,2024-06-09
Hoka,Which Hoka hiking boot is most similar to the Clifton 9s,2024-06-09 09:14:42,4,6,2024-06-09
Hoka,indoor shoes,2024-06-09 00:51:09,2,7,2024-06-09
Hoka,Fallen arches ,2024-06-06 21:27:36,1,4,2024-06-02
Hoka,What is the best Hoka sneakers that's stable and balanced and caters to a high foot height and I can wear all day strain-free?,2024-06-04 04:22:06,4,23,2024-06-02
Hoka,Clifton 9 stock ,2024-06-02 22:58:23,2,6,2024-06-02
Hoka,Speed Goat 5s are awful,2024-06-02 13:33:32,6,11,2024-06-02
Hoka,Which one should I return? ,2024-06-02 09:52:27,11,12,2024-06-02
Hoka,Anyone know what Hokas these are?,2024-05-31 07:21:03,1,6,2024-05-26
Hoka,Out the box,2024-05-30 03:14:01,5,6,2024-05-26
Hoka,Gaviota 5 vs. Clifton 9,2024-05-29 10:27:42,3,3,2024-05-26
Hoka,Solimar white not available in wide?,2024-05-29 02:54:01,1,0,2024-05-26
Hoka,Recs for med field?,2024-05-27 15:12:08,2,6,2024-05-26
Hoka,Clifton 9 vs Bondi 8 for standing on concrete all day?,2024-05-27 03:16:00,3,18,2024-05-26
Hoka,Hola,2024-05-26 08:13:58,1,1,2024-05-26
Hoka,Hoka warranty tiktok video going viral,2024-05-26 07:15:29,3,4,2024-05-26
Hoka,Clifton problem,2024-05-26 04:48:14,1,7,2024-05-26
Hoka,Sizing (Hoka vs On),2024-05-26 02:44:19,4,7,2024-05-26
Hoka,Insole options,2024-05-25 22:58:02,2,2,2024-05-19
Hoka,Clifton 9 sole collapse ,2024-05-25 10:27:42,1,5,2024-05-19
Hoka,Mafate Speed vs Tecton X,2024-05-25 05:46:56,1,1,2024-05-19
Hoka,Transport Gore-Tex,2024-05-22 14:33:06,8,3,2024-05-19
Hoka,Clifton 9s,2024-05-22 05:39:10,8,15,2024-05-19
Hoka,Hoka Anacapa GTX low vs Anacapa 2 GTX low - what‚Äôs the difference?,2024-05-21 20:46:30,3,0,2024-05-19
Hoka,Style for Arthritis,2024-05-20 23:51:36,2,2,2024-05-19
Hoka,Lacing difficulty ,2024-05-20 23:49:23,1,0,2024-05-19
Hoka,Memorial Day sale?,2024-05-20 01:56:04,3,3,2024-05-19
Hoka,Bondi 8 comps,2024-05-19 03:39:45,2,1,2024-05-19
Hoka,Shoe rec ,2024-05-19 00:07:07,1,3,2024-05-19
Hoka,speedgoat vs Stinson vs challenger,2024-05-17 23:32:04,1,1,2024-05-12
Hoka,Bondi 8 Slate/Barley - how does it really look like? ,2024-05-17 20:29:28,1,14,2024-05-12
Hoka,Question from first time user,2024-05-16 04:27:31,2,9,2024-05-12
Hoka,"It has come down to desperation, is there any new old stock of the Arkali anywhere that anyone knows about?",2024-05-15 14:28:17,1,0,2024-05-12
Hoka,Can anyone help to see if these Bondi 8‚Äôs are fake please,2024-05-15 06:45:56,2,4,2024-05-12
Hoka,Hoka: 1st Time Buyer Question Stinson All Terrain 6 Running Shoe,2024-05-14 00:31:57,1,0,2024-05-12
Hoka,Gaviota 5 made my feet hurt ,2024-05-13 10:02:32,7,16,2024-05-12
Hoka,Hoka Bondi 9 release date?,2024-05-13 07:12:47,11,19,2024-05-12
Hoka,~10 months of working in retail wearing my Bondi 8s! vs my fresh new pair <3,2024-05-12 11:39:39,19,2,2024-05-12
Hoka,Sole blues!,2024-05-11 22:56:26,3,1,2024-05-05
Hoka,Hoka Warranty,2024-05-11 15:02:30,1,14,2024-05-05
Hoka,Old Hokas finally died but I don‚Äôt remember which model they are,2024-05-11 08:16:35,3,8,2024-05-05
Hoka,"Mach 6 without socks, or?",2024-05-11 05:00:20,1,0,2024-05-05
Hoka,Clifton 8 - Arch pain,2024-05-10 00:16:23,1,4,2024-05-05
Hoka,Arahi 6 rubbing instep - sock advice? ,2024-05-09 19:53:40,1,3,2024-05-05
Hoka,Hoka 30 day guarantee in the Ph,2024-05-07 14:30:31,2,4,2024-05-05
Hoka,Hoka Stability Options,2024-05-06 23:56:50,1,2,2024-05-05
Hoka,"Speedgoat 5 TS versions (and TS Versions in general),",2024-05-06 16:11:28,3,3,2024-05-05
Hoka,Women‚Äôs Bondi 8 - uncomfortable arch on sole? ,2024-05-06 06:25:12,3,5,2024-05-05
Hoka,"I‚Äôm looking to get another pair of Clifton 9‚Äôs. My old ones say 5D on the tag, does that mean I need to order a wide?",2024-05-06 01:43:33,1,7,2024-05-05
Hoka,Does anyone else wish Hoka made smaller number shoes in more gender neutral colours?,2024-05-05 20:16:15,7,4,2024-05-05
Hoka,Safety Toe shoes similar to Hoka support/cushioning. ,2024-05-05 16:21:45,8,13,2024-05-05
Hoka,Men‚Äôs sky flow jacket reviews?,2024-05-05 13:47:35,1,0,2024-05-05
Hoka,Where do I find these shoes???,2024-05-05 04:47:44,1,3,2024-05-05
Hoka,Insoles for kids hokas ,2024-05-05 04:36:05,1,0,2024-05-05
Hoka,Zinal 2 in new color,2024-05-04 05:50:08,1,0,2024-04-28
Hoka,Bondi 8 vs Gaviota 5? ,2024-05-03 17:03:31,7,2,2024-04-28
Hoka,Buying advice coming from Clifton 9,2024-05-03 02:28:45,1,0,2024-04-28
Hoka,Most flexible/loose shoe,2024-05-02 10:58:39,1,3,2024-04-28
Hoka,Fake?,2024-05-02 00:07:18,1,5,2024-04-28
Hoka,Which is good rockets x2 or vaporfly%3? ,2024-05-01 23:54:57,1,0,2024-04-28
Hoka,Bondi 8 X-Wide question. ,2024-05-01 08:35:29,2,2,2024-04-28
Hoka,Determining correct size,2024-05-01 05:30:58,2,8,2024-04-28
Hoka,Laces ,2024-05-01 04:07:11,6,5,2024-04-28
Hoka,Loved my Hoka running shoes until they gave me plantars fasciitis.  Switched back to Brooks Glycerin shoes and it went away. Tried Hokas again and it came immediately back.  I believe the level of squish in the sole leaves a lot to your foot flex which is causing it. Just beware. ,2024-05-01 03:09:04,3,9,2024-04-28
Hoka,Bondi 7 vs. 8,2024-05-01 01:45:24,2,5,2024-04-28
Hoka,best hokas for going to Universal studios?,2024-04-30 04:39:18,2,2,2024-04-28
Hoka,Air Biden‚Äôs,2024-04-29 14:08:34,9,17,2024-04-28
Hoka,Hoka one one sky arkali,2024-04-29 10:03:47,3,1,2024-04-28
Hoka,Hoka Clifton 10,2024-04-29 05:16:57,5,3,2024-04-28
Hoka,Clifton 9 GTX: Half Size Up Any Wider?,2024-04-28 21:22:23,1,6,2024-04-28
Hoka,Walking shoe for fans of the speedgoat?,2024-04-28 10:09:03,2,2,2024-04-28
Hoka,Work purposes ,2024-04-28 07:48:52,3,5,2024-04-28
Hoka,Opinions on these?,2024-04-27 12:58:23,4,9,2024-04-21
Hoka,Just purchased Mach 5 are they worth it? ,2024-04-27 08:35:38,1,2,2024-04-21
Hoka,Dad needs new shoes,2024-04-27 00:26:06,2,0,2024-04-21
Hoka,Bindi 8 vs mach 6 vs gaviota 5 ? ,2024-04-26 16:52:47,3,7,2024-04-21
Hoka,Hoka Trail Code Vibram sole peel?,2024-04-26 10:06:42,2,3,2024-04-21
Hoka,Skyward X drop (size question),2024-04-26 07:53:42,2,2,2024-04-21
Hoka,Switched to Mach 5,2024-04-26 07:28:27,2,2,2024-04-21
Hoka,Gaviota comparison to Bondi and Clifton?,2024-04-26 07:06:14,3,2,2024-04-21
Hoka,Need new running shoes,2024-04-25 08:55:10,2,6,2024-04-21
Hoka,I tried Bondi today and it was painful. What Hoka should I try?,2024-04-25 07:39:08,7,21,2024-04-21
Hoka,Heel stack height of Bondi 8,2024-04-25 02:59:24,3,1,2024-04-21
Hoka,Limited Edition Bondi?!,2024-04-24 09:51:31,12,4,2024-04-21
Hoka,Terrible experience of Hoka in the UK,2024-04-23 22:17:55,4,1,2024-04-21
Hoka,Love themü©∑üß°ü§ç,2024-04-23 03:25:46,14,6,2024-04-21
Hoka,Hoka FedEx Very bad delivery experience with no refund ,2024-04-23 03:18:24,4,6,2024-04-21
Hoka,What is better rocket x2 vs vaporfly 3 nike,2024-04-22 04:00:12,2,0,2024-04-21
Hoka,Bondi 7 and Bondi SR,2024-04-22 01:57:42,3,7,2024-04-21
Hoka,Is the following site scam? ,2024-04-20 12:36:52,3,3,2024-04-14
Hoka,How to transition to wearing different shoes after getting so used to my hokas?,2024-04-20 01:56:48,2,1,2024-04-14
Hoka,About to dye my Clifton's to give them a second life. ,2024-04-19 22:59:53,2,0,2024-04-14
Hoka,Hoka Rocket X2 FOR Gym?,2024-04-19 01:49:07,3,0,2024-04-14
Hoka,Do Hokas ever go on sale?,2024-04-18 02:35:51,9,18,2024-04-14
Hoka,Bondi 8 potential issue,2024-04-16 09:07:37,7,8,2024-04-14
Hoka,Adventure Hat,2024-04-16 06:59:06,7,8,2024-04-14
Hoka,When will the Clifton 10s come out?,2024-04-16 02:40:24,5,5,2024-04-14
Hoka,It's rocket x2 good at marathon and pass baton? ,2024-04-15 04:17:06,2,3,2024-04-14
Hoka,What hoka shoe good at pass baton and marathon? ,2024-04-15 01:28:26,3,3,2024-04-14
Hoka,Sole is coming off after minimal use,2024-04-14 09:28:33,2,0,2024-04-14
Hoka,Warehouse?,2024-04-13 14:49:12,2,4,2024-04-07
Hoka,Heelp ,2024-04-13 10:04:12,3,2,2024-04-07
Hoka,Problems with Customer Service/Ordering,2024-04-13 04:47:03,3,1,2024-04-07
Hoka,Clifton 9 sizing help,2024-04-13 01:55:13,2,6,2024-04-07
Hoka,Shoes not lasting,2024-04-13 00:16:30,4,6,2024-04-07
Hoka,Spotted in Paris üëÄüëÄ,2024-04-12 15:04:15,6,0,2024-04-07
Hoka,Can anyone assist me in telling if these Hoka Bondi 8 I received are fake?,2024-04-12 09:57:39,3,13,2024-04-07
Hoka,Protectant recs?,2024-04-11 12:07:53,3,1,2024-04-07
Hoka,New!,2024-04-11 11:49:47,3,4,2024-04-07
Hoka,Nothing like a fresh pair of Gaviotas!,2024-04-11 06:22:13,18,2,2024-04-07
Hoka,Bondi 8s problem ,2024-04-11 05:08:25,2,4,2024-04-07
Hoka,Looking for shoe recs ,2024-04-10 10:56:07,2,0,2024-04-07
Hoka,Do Hokas Keep in Storage Well?,2024-04-08 21:40:46,3,4,2024-04-07
Hoka,Help me decide!,2024-04-08 17:49:11,3,4,2024-04-07
Hoka,Hoka size - 43 1/3 is 43?,2024-04-08 14:46:14,2,0,2024-04-07
Hoka,"White Hoka Transports, cleaned",2024-04-08 08:07:26,7,1,2024-04-07
Hoka,"I'm a basketball referee, which all black Hoka shoe would be best to wear during games ?",2024-04-06 21:56:59,3,3,2024-03-31
Hoka,Clifton 8 width issues,2024-04-06 14:21:56,3,6,2024-03-31
Hoka,Clifton 9 v Bondi 8 ,2024-04-05 06:19:09,3,3,2024-03-31
Hoka,What do you wear your Hokas for?,2024-04-04 21:23:31,3,13,2024-03-31
Hoka,Cliffton 9‚Äôs hurting my right pinky toe,2024-04-04 09:32:38,3,3,2024-03-31
Hoka,"Rinc√≥n 3? I bought these, but they make my heel hurt within an hour of being on my feet. I thought hokas were supposed to me comfortable! Maybe I bought the wrong one? Advice?",2024-04-03 22:47:20,2,4,2024-03-31
Hoka,Legit Check,2024-04-03 14:16:10,4,4,2024-03-31
Hoka,My new Bondi just showed up!,2024-04-03 07:16:47,10,1,2024-03-31
Hoka,Does anyone recognize this model?,2024-04-03 04:50:04,2,2,2024-03-31
Hoka,New to Clifton 9s,2024-04-02 06:07:54,3,1,2024-03-31
Hoka,Hoka x Nicole Mclaughlin shoe ?,2024-04-02 00:04:37,3,0,2024-03-31
Hoka,Best pair for knee support,2024-04-01 08:22:36,2,3,2024-03-31
Hoka,Clifton‚Äôs - what is different,2024-04-01 01:15:34,2,0,2024-03-31
Hoka,Hoka Arahi 7 Strap question,2024-03-31 05:26:36,2,3,2024-03-31
Hoka,Are soles not as squishy now?,2024-03-28 09:21:57,3,2,2024-03-24
Hoka,Bondi 8 fit,2024-03-28 07:28:46,3,4,2024-03-24
Hoka,Hoka Stinson all terrain running shoe good water resistant?,2024-03-27 04:30:00,4,1,2024-03-24
Hoka,What Hoka style shoe is least chunky?,2024-03-27 02:31:58,4,13,2024-03-24
Hoka,Sizing on Summit 2,2024-03-26 04:44:29,2,0,2024-03-24
Hoka,Plopping sound from my new Transport,2024-03-25 19:09:36,5,4,2024-03-24
Hoka,First pair of Hokas after 5 months,2024-03-24 11:20:22,6,11,2024-03-24
Hoka,"got a pair of used anacapa low gtx for $9 at rei, how can I can best patch this fire damage on the sole?",2024-03-24 04:30:20,5,2,2024-03-24
Hoka,Ordered some Clifton 9s ,2024-03-24 02:37:13,6,2,2024-03-24
Hoka,First pair of Hokas!,2024-03-23 11:09:34,21,23,2024-03-17
Hoka,Cielo x1,2024-03-22 11:50:33,2,1,2024-03-17
Hoka,Break in? Mach X,2024-03-21 05:11:34,2,2,2024-03-17
Hoka,Carbon x 3,2024-03-20 22:13:05,1,0,2024-03-17
Hoka,First pair of Hokas,2024-03-20 21:11:16,10,2,2024-03-17
Hoka,Recommendations ,2024-03-19 04:56:28,1,5,2024-03-17
Hoka,Rincon 3,2024-03-19 00:15:06,3,2,2024-03-17
Hoka,Authentic or replica,2024-03-18 19:23:39,3,6,2024-03-17
Hoka,Very dirty- Gaviota 5,2024-03-17 03:06:58,5,6,2024-03-17
Hoka,Shoes reccomendations,2024-03-16 09:21:06,1,4,2024-03-10
Hoka,What shoes,2024-03-15 22:00:51,1,5,2024-03-10
Hoka,HOKA Performance Hat,2024-03-13 05:13:55,2,6,2024-03-10
Hoka,Hoka Ora Primo,2024-03-11 23:53:47,3,1,2024-03-10
Hoka,Crazy sizing,2024-03-11 07:39:14,4,5,2024-03-10
Hoka,What‚Äôs the best shoes on clearance right now?,2024-03-09 17:08:57,8,7,2024-03-03
Hoka,Did I size right? Got 11D in Clifton 9s,2024-03-09 02:27:29,1,3,2024-03-03
Hoka,newbie ,2024-03-08 05:45:01,1,4,2024-03-03
Hoka,Hoka Men's Bondi SR Trainer ,2024-03-07 03:51:23,1,0,2024-03-03
Hoka,Do Bondi 8‚Äôs form to foot? ,2024-03-06 07:59:52,2,2,2024-03-03
Hoka,Where I üêù at? ,2024-03-06 06:47:29,3,2,2024-03-03
Hoka,5/5 star service,2024-03-06 03:31:11,4,2,2024-03-03
Hoka,Recommendations ,2024-03-05 05:50:56,3,9,2024-03-03
Hoka,Supinate pick,2024-03-04 23:01:36,2,3,2024-03-03
Hoka,Tempted to buy all three colors of Ora primo‚Ä¶am I crazy? ,2024-03-04 06:13:53,3,6,2024-03-03
Hoka,Have 3 Bondi 8s - One much softer than the others,2024-03-04 03:56:36,6,7,2024-03-03
Hoka,Which women‚Äôs Hoka won‚Äôt add much height?  I‚Äôm already tall. ,2024-02-29 05:55:56,2,2,2024-02-25
Hoka,can anyone identify this model for me?,2024-02-28 07:54:50,2,1,2024-02-25
Hoka,Big(ger) dude looking for some running shoes - need some suggestions,2024-02-27 07:39:39,3,3,2024-02-25
Hoka,Hoka anacapa 2 low gtx sizing,2024-02-26 18:13:23,3,2,2024-02-25
Hoka,"Bondi 8, insole rubbing bridge of foot",2024-02-26 08:13:50,2,2,2024-02-25
Hoka,HOKA.watchface for Apple Watch,2024-02-25 18:03:24,3,2,2024-02-25
Hoka,Do carbon plate shoes last shorter?,2024-02-25 12:40:21,1,6,2024-02-25
Hoka,"Hoka Return Policy, Experience",2024-02-24 23:36:45,2,4,2024-02-18
Hoka,Longevity,2024-02-24 04:42:09,3,1,2024-02-18
Hoka,Has anyone compared the Stinson to the Bondi?,2024-02-24 04:06:13,3,3,2024-02-18
Hoka,Third pair of Hokas that have all ripped in the same fashion,2024-02-23 11:49:34,3,5,2024-02-18
Hoka,Which Hokas have good Arch support? ,2024-02-23 11:44:15,3,4,2024-02-18
Hoka,Hoka recommendation for standing at work and walking. ,2024-02-22 10:21:48,4,6,2024-02-18
Hoka,Sizing help,2024-02-22 09:37:56,1,10,2024-02-18
Hoka,Clifton for walking?,2024-02-22 00:56:23,2,3,2024-02-18
Hoka,Hokas (W) for bunions and flat feet,2024-02-20 02:23:30,2,1,2024-02-18
Hoka,Style Reccomendation,2024-02-19 23:42:15,1,2,2024-02-18
Hoka,How does the hoka Clifton 9 fit,2024-02-16 21:46:07,3,3,2024-02-11
Hoka,Carbon x3,2024-02-15 06:43:00,2,0,2024-02-11
Hoka,Shoe Search!!!!,2024-02-15 05:41:48,1,2,2024-02-11
Hoka,Challenger gore Tex and rain,2024-02-15 04:29:07,2,4,2024-02-11
Hoka,New Speedgoat Color,2024-02-14 15:27:51,7,5,2024-02-11
